schools,western / non-western 
modern,t
Italia,t
"Great Britain, Richmondshire, North Yorkshire, Yorkshire and the Humber, England, UK",t
"France métropolitaine, France",t
unknown,u
Nederland,t
flemish,t
"Deutschland, Europe",t
netherlandish,t
italian,t
french,t
english,t
german,t
dutch,t
spanish,t
austrian,t
hungarian,f
danish,t
american,t
,u
japanese,f
catalan,t
chinese,f
london,t
british,t
roman,t
greek,t
irish,t
philadelphia,t
printed for j. tonson; and m. tonson,t
"turkey,",f
"balkan,",f
colonial,f
persian,f
hindi,f
india,f
tibet,f
philippines,f
burma,f
america,t
leipzig,t
new york,t
korean,f
chicago,t
lubeck,t
european,t
russian,f
portuguese,t
south american,f
swiss,t
breslau,t
roma,f
cypriot,t
indonesia,f
etruscan,t
minoan,f
cretan,t
calcutta,t
stockport; champante & whitrow,t
bombay,f
tlatilco,f
veracruz,f
colima,f
wari,f
moche,f
vicús,f
chimú,f
valdivia,f
maya,f
el,f
akan,f
nayarit,f
tairona,f
glasgow,t
parthian,f
achaemenid,f
iran,f
assyrian,f
sumerian,f
phrygian,f
sasanian,f
babylonian,f
westminster,t
boulogne,t
xxu,u
madrid,t
bruxelles,t
amsterdam,t
scottish,t
paris,t
colombia,f
frankfurt am main,t
orvieto,t
"paris, poissy [printed]",t
burlington [vt.],t
cheltenham,t
newcastle,t
"philadelphia, [printed] new york",t
stockholm,t
reims,t
tunbridge wells,t
baltimore,t
ipswich,t
flanders,t
byzantine,f
freiburg im breisgau,t
edinburgh,t
boston [mass.],t
frankish,t
scandinavian,t
south,u
new-york,t
antwerpen,t
coptic,t
bordeaux,t
bayonne,t
oxford,t
pau,t
boston,t
forli,t
dublin,t
mexico,f
grenoble,t
albany,f
deal,t
"longman, rees, orme, brown, green & co.; devonport",t
egyptian,f
sumba,f
edo,f
kassite,f
bactria-margiana,f
coblenz,t
rouen,t
salisbury,t
munchen,t
winchester,t
leipsic; w. tegg & co,t
hartford [conn.],t
neustadt an der haardt,t
besancon,t
kjbenhavn,t
great yarmouth,t
"london, penzance [printed]",t
new york & london,t
"london, [c. 1855.]",t
cincinnati,t
milano,t
ripon,t
birmingham,t
"london, newcastle-under-lyme printed",t
"genf [printed], basel",t
venezia,t
auch,t
"boston, [mass.]",t
brompton,t
scarborough,t
southampton,t
alnwick,t
yarmouth,t
"reading, london",t
mosan,t
lambayeque,t
paracas,t
peru,f
inca,f
mexican,f
enk,t
gotha,t
lwow,f
"london, exeter printed",t
dresden [printed] und leipzig,t
bombay],f
birkenhead,t
e. lloyd,t
st. helier],t
wolverhampton,t
sunderland,t
london [printed] and new york,t
deventer,t
jersey,t
london & glasgow,t
torino,t
chester,t
london; new york printed,t
"london [printed], and new york",t
tours,t
darmstadt,t
", 1860",u
auburn,t
"leipsic, london, [1853.]",t
"london, exeter [printed]",t
dresden,t
liverpool,t
leeds,t
"cambridge, 1862 [1861]",t
john murray,t
schaffhausen,t
cambridge,t
geneve,t
ham,t
napoli,t
coln,t
washington,t
"albany, n.y",t
"london, [1865.]",t
verona,t
wien,t
bruges,t
"hartford, connecticut",t
berlin,t
london & new york,t
"hartford, [u.s.]",t
manchester,t
genova,t
clermont-ferrand,t
"london, 1868",t
wakefield,t
paisley,t
kelso,t
gouda,t
epworth,t
haarlem,t
buenos ayres,f
cork,t
boston [u.s.],t
t. nelson & sons,t
ru,f
"meriden, conn",t
"boston [u.s.], cambridge [u.s. printed]",t
krakow,f
"godthaab, in south greenland",t
"warwick, 1871",t
dumbarton,t
brighton,t
louvain,t
stuttgart,t
honolulu,f
mechlin,t
"london, guildford [printed]",t
"norwich, conn",t
albany [u.s.],t
braunschweig,t
", 1862-72",u
nimes,t
leiden,t
sheffield,t
concord,t
dunedin,t
lewes,t
melbourne,t
"london, glasgow [printed]",t
prag,t
"london, belfast [printed]",t
"london, 1876",t
fleetwood and blackpool,t
ward & lock,t
lyon,t
"hartford, conn",t
harrisburg,t
"auburn, n.y",t
"london, beccles [printed]",t
"london, edinburgh [printed]",t
"london, paris [printed]",t
pest,t
"london, aylesbury [printed",t
edinburgh and london,t
"london, edinburgh",t
london and edinburgh,t
warrington,t
london; e. p. dutton & co,t
"omaha, neb",t
turnhout,t
london; guildford [printed],t
madras,t
hertford,t
toronto,t
london; edinburgh [printed],t
"mt. vernon, ohio",f
london; calcutta printed,t
bourg,t
"ward, lock, & co",t
london and aylesbury,t
"london, 1867 [1866]",t
hamburg,t
lugo,t
"st. louis, mo",t
dunstable,t
venise,t
shrewsbury,t
"alcala de henares, madrid",t
london; dartford printed,t
"new orleans, la",t
otley,t
pithiviers,t
cahors,t
"cambridge, [mass.]",t
chateauroux,t
caernarfon,t
calcutta; [london printed],t
utrecht,t
kristiania,t
] london,t
bassano,t
nagpore,f
zurich,t
london; edinburgh [printed],t
london & aylesbury,t
.-,u
"cassell, petter, & galpin",t
"nashville, tenn",t
bradford,t
brussel,t
strassburg,t
plymouth,t
saluzzo,t
"pp. vi. 303. a. r. mowbray & co. oxford & london, [1885.]",t
"paris, corbeil [printed]",t
barrow-in-furness,t
r.t.s. london,t
posen,t
schonkirchen,t
milwaukee,t
miskolcz,f
lisboa,t
salamanca,t
"norfolk, va",t
cartagena,t
southport,t
london; guildford printed,t
london; leipzig [printed,t
launceston,t
jefferson city,t
"pp. 320. oliphant, anderson & co. edinburgh, 1888",t
koln,t
"pp. 242. f. v. white & co. london, 1888",t
london; edinburgh  ,t
"2 vol. r. bentley & son london; guildford [printed], 1888",t
"pp. 212. simpkin, marshall & co. london, 1888",t
baltimore [u.s.],t
"2 vol. r. bentley & son london, 1888",t
"pp. 317. houlston & sons london; edinburgh [printed], 1888",t
"pp. 116. f. v. white & co. london, 1888",t
doesborgh,t
"2 vol. f. v. white & co. london; edinburgh [printed], 1888",t
cassel,t
"pp. 144. fun office london, [1888.]",t
"pp. viii. 282. jarrold & sons london, 1888",t
"pp. 222. hansom cab publishing co. london, 1888",t
alexander strahan,t
"london, edinburgh, [printed",t
"pp. xvi. 319. mowbray & co. oxford & london, 1889",t
barcelona,t
guildford,t
naples,t
"pp. 330. kegan paul, trench & co. london, 1889",t
skegness,t
we lwowie,t
"madison, wis",t
st. louis,t
hannover,t
bristol,t
richard bentley & son,t
buenos aires,t
"charleston, s.c",t
cape town,t
lille,t
jesi,t
niort,t
arnhem,t
santander,t
budapest,f
chatham,t
varese,t
london; new york [printed],t
einsiedeln,t
trieste,f
swansea,t
nancy,t
truro,t
"crewe, manchester",t
bethune,t
new york],t
london & edinburgh,t
allahabad,f
derby,t
jena,t
roxburg,t
new york [printed]; london,t
"pp. xv. 376. w. e. clegg oldham, 1893",t
london; saxony printed,t
boston and new york,t
inverness,t
"pp. xiv. 135. macmillan & co. london, 1893",t
kbenhavn,t
rawtenstall,t
new york; longmans & co,t
rome,t
dijon,t
"boston, mass",t
new york; london,t
"pp. 63. macmillan & co. london, 1893",t
maldon,t
lowestoft,t
providence,t
"pp. 82. elliot stock london, 1894",t
herment,t
selkirk,t
kbenhaven,t
jyvaskylassa,t
"london, barnsley [printed",t
cupar-fife,t
vichy,t
newcastle-on-tyne,t
perth [western australia],t
london; printed in bavaria,t
"pp. 96. a. and c. black london, 1895",t
"victoria, b.c",t
warszawa,f
puebla,t
"pp. ii. 272. , 1896",t
"pp. viii. 172. st. giles' printing co. edinburgh, 1896",t
fontainebleau,t
pecsett,t
des moines,t
"kansas city, mo",t
londres,t
canterbury,t
"st. joseph, mo",t
lausanne,t
kiel,t
st. gallen,t
emden,t
"simpkin, marshall. & co",t
aberdeen,t
"london; cambridge, mass. printed",t
"pp. vi. 216. john lane london, 1897",t
arras,t
"london, etc",t
perth,t
beauvais,t
cleveland,t
cardiff,t
gorinchem,t
wien [printed],t
v praze,t
malmo,t
copenhagen,t
helsingfors,t
edinburgh & london,t
"london, new york",t
ottawa,t
paris],t
"pp. 64. w. & j. kennedy hawick, 1899",t
"pp. 330. j. lane london & new york, 1899 [1898]",t
exeter,t
sceaux,t
firenze,t
moulins,t
"pp. viii. 126. downey & co. london, 1899",t
"chicago, ill",t
"pp. 82. published for the author by vinton & co. london, [1900.]",t
"roma, napoli, turin [printed]",t
sydney,t
"san diego, cal",t
perpignan,t
"pp. 225. suttaby & co. london, 1885",t
j. b. lippincott co,t
v hradci kralove,t
bonn,t
"london, etc. thomas nelson & sons, [1887]",t
"4 vol. the century co. new york, 1887, 8",t
budapestini,f
"pp. 316. s. w. partridge & co. london, [1887.]",t
wurzburg [printed],t
new york and london,t
"pp. 352. shaw & co. london, [1888.]",t
issoire,t
frederick a. stokes & bro,t
london; leipzig printed,t
san francisco,t
woolwich,t
hersfeld,t
zwolle,t
london [printed] & new york,t
christiania,t
london; nuremberg [printed,t
"e. nister london; nuremberg [printed, 1890]",t
london],t
"victoria, british columbia",t
"oakland, cal",t
pressburg,t
"dayton, ohio",t
gottingen],t
"boston, u.s.a",t
"new york, nuremberg [printed",t
hutchinson & co. london [nimeguen printed,t
"london; cambridge, u.s.a. [printed",t
j. watts,t
london; america printed,t
nevers,t
norwich,t
richmond,t
st. paul,t
"bristol printed, london",t
hull,t
worcester [mass.],t
boston [mass,t
leipzig & wien,t
dundee,t
leipzig und wien,t
yokohama,f
london. [tavistock],t
"cooperstown, n.y",t
laon,t
"london, 1847",t
dil. 1. na vsetine,t
"uniontown, pa",t
yeovil,t
"london macmillan & co., pp. xl, 400. 1895",t
"trenton, n.j",t
"london, philadelphia [printed]",t
kibenhavn,t
dalbeattie,t
new haven,t
preston,t
indianapolis,t
glasgow; w. briggs,t
"london, 1860",t
asuncion del paraguay,f
upsala,t
w krakowie,f
hanau,t
les andelis,t
edinburgh [printed],t
"new york, 1866",t
"manchester [printed], london",t
wurzburg,t
"edinburgh [printed], biggar",t
florence,t
leytonstone,t
"new-york, riverside, cambridge printed, 1867",t
ashtead,t
york,t
"edinburgh [printed], london",t
boulogne-sur-mer,t
ramsgate,t
stirling,t
parramatta,t
"london, cambridge, mass., printed",t
"new york, riverside, cambridge [u.s., printed]",t
christiani],t
service & paton,t
huddersfield,t
ulverston,t
"passaic, n.y.]",t
ravensburg,t
montreal,t
quebec,t
"'s gravenhage, 4. pp. 194. x.i. [1899.]",t
liverpool],t
cadiz,t
detroit,t
northampton,t
"pp. xxvii. 507. printed by j. s. toothill bradford, 1900",t
parenzo,t
"portland, me",t
toledo [printed],t
madeley,t
mobile],t
helsingissa,t
skipton,t
neutitschein [printed],t
portmadoc,t
nurnberg,t
geneve [printed],t
"worcester, mass",t
london; printed in america,t
kopenhagen,t
"salem, mass",t
limoges,t
montreuil-sur-mer,t
herne bay,t
epernay,t
anvers,t
printed for private circulation,t
liege,t
"topeka, kansas",t
harrogate,t
lincoln,t
weston-super-mare,t
gluckstadt,t
"james r. osgood, mcilvaine & co",t
"providence, r.i",t
wellington,t
dessau,t
paris; moulins,t
carnoustie,t
fecamp,t
llangollen,t
steyr,t
duren,t
"west milton, ohio",t
Danmark,t
España,t
eastern,f
afghanistan,f
thailand,f
northwest,t
j. & r. tonson,t
belgian,t
durham,t
"apulian,",t
east,f
mississippian,t
tiwanaku,f
djenné,f
ghassulian,f
alessandria,f
ancona,f
"london, 1810",t
"london, newcastle [printed]",t
speyer,t
schweidnitz,t
pontoise,t
"london, paris",t
aztec,f
trier,t
"derby, 1843",t
hastings,t
padova,t
newcastle; f. & j. rivington,t
altona,t
swedish,t
vien,t
aubusson,t
dorking,t
bourges,t
boston (massachusetts),t
sevilla,t
paryz,t
native,f
akkadian,f
dover,t
"paris [printed], compiegne",t
londini,f
no. 1-8. [london,t
guingamp,t
schweinfurt,t
youghal,t
bilbao,t
neuchatel; paris,t
"london, 1845",t
nakadem i czcionkami breitkopfa i haertla,f
london; f. r. clarke,t
colchester,t
vercelli,t
malton,t
"london, skelton [printed]",t
eton,t
western,t
marquesan,f
a-h. copenhagen,t
printed for the author; sold by a. millar,t
g. kearsly; j. ridley,t
"newcastle-upon-tyne, gateshead, north shields, etc",t
nasca,f
neo-sumerian,f
"willoughby & co., etc",t
gand,t
abingdon,t
chaumont,t
lynn,t
w warszawie,t
"soissons, laon [printed",f
halle,t
buffalo,t
chelmsford,t
'sgravenhage,t
hanover,t
gent,t
stade,t
"bordeaux [printed, and]",t
pottsville,t
"springfield, ill",t
bern,t
verdun,t
loughborough,t
's gravenhage,t
toulouse,t
"toronto, new york",t
petersburg,t
"columbus, ohio]",t
"sunday school union, london",t
chichester,t
morrisania,t
ross,t
saint-quentin,t
"london, belfast [printed",t
"london, morley [printed]",t
oederan,t
portland [me.],t
"pp. 81. e. moxon & co. london, 1866",t
hartford,t
neenah],t
"london, carlisle [printed]",t
caen,t
"cambridge, mass",t
"london, lincoln [printed]",t
romford,t
london; hanley [printed],t
"longmans, green, & co",t
tunbridge wells],t
40 nos. london,t
"pp. cxxiii. field & tuer london, 1881",t
london; new york,t
rhodes,t
tiel,t
"hamburg, leipzig [printed]",t
"philadelphia, pa",t
"sampson low, son, & marston",t
calw,t
aylesbury,t
london; glasgow [printed],t
stafford,t
"breslau, leipzig [printed]",t
libourne,t
doncaster,t
"london, sleaford [printed]",t
strasbourg,t
"pp. vi. 312. ward & downey london; edinburgh [printed], 1887",t
highgate,t
"pp. viii. 304. ward & downey london; edinburgh [printed], 1888",t
compiegne,t
"pp. 275. jarrold & sons london, 1888",t
leicester,t
south shields,t
regensburg,t
"taunton, massachusetts",t
home publishing co,t
"pp. vi. 334. ward & downey london, 1889",t
"troy, n.y",t
rodez,t
knaresborough,t
minneapolis,t
"r. tuck & sons london; nuremberg [printed, 1890]",t
newcastle-upon-tyne,t
baden-baden,t
mansfield,t
"alexandra and cairo, london [printed]",f
"port-of-spain, trinidad",f
"bourges [printed], vierzon",t
gloucester,t
tunis,f
"pp. 59. woodrow & co. london, [1893.]",t
nottingham,t
malaga,t
london & leamington; benziger bros,t
"chapman & hall, london",t
villefranche,t
"pp. x. 192. sampson low & co. london, 1894",t
peoria,t
saint louis,t
r. pau,t
saint-amand,t
"hamden, conn",t
trenton,t
oshkosh,t
"pp. 171. j. lane london & new york, 1896",t
"meadville, pa",t
sudbury,t
greenock,t
mainz,t
"cleveland, ohio",t
riga,f
"chicago, etc",t
"pp. 88. printed for the subscribers london, [1898.]",t
morse co,t
"boston [mass.]; cambridge [mass., printed]",t
valencia,t
"pp. xi. 171. macmillan & co. london; cambridge, u.s.a. [printed], 1899",t
habana,f
leuren,t
innsbruck,t
saint-flour,t
chesterfield,t
"pp. 229. g. n. morang & company toronto, 1900",t
freiburg i. b,t
"pp. x. 115. elkin mathews london, [1911.]",t
"pp. 54. basil blackwell oxford, [1926.]",t
"ocean grove, new jersey",t
mons,t
coventry,t
grahamstown,t
wooler,t
"cassell & co. london, [1887.]",t
epinal,t
yssoire,t
"pp. 45. j. slark london, 1887",t
metz,t
louth,t
"harrisburg, pa",t
graz,t
london; munich printed,t
hoorn,t
durban,t
szegeden,f
ashstead,t
dorchester,t
"privately printed [edinburgh,] 1844",t
london; vienna printed,t
burnley,t
sandbach,t
"pp. 62. j. heywood manchester, 1894",t
millau,t
"london, 1848",t
namur,t
freiburg,t
"london, calcutta [printed]",t
market drayton,t
romsey,t
devizes,t
wilno,t
taunton,t
tenby,t
halberstadt,t
london; nimeguen printed,t
lima,t
"bruxelles, anvers [printed]",t
"london, hertford [printed]",t
herisau,t
hongkong,f
"boston [mass.], cambridge printed",t
matlock,t
kristianssand,t
"1898, 99",u
halifax,t
gmunden,t
arlon,t
wiesbaden,t
freiburg i b,t
george routledge & sons,t
croydon?],t
esztergom,t
carlisle,t
haverfordwest,t
rotterdam,t
lansing,t
groningen,t
glogau,t
arbroath,t
"pp. xiv. 233. w. blackwood and sons edinburgh and london, 1887",t
algiers,f
ilkeston,t
sevenoaks,t
colmer,t
pp. 174. [1897.],u
bingley,t
"4 vol. parker & co. oxford, 1891, 1892",t
macmillan & co,t
joliette,t
royston,t
hutchinson & co. london; nimeguen [printed,t
goteborg,t
cassell & co,t
Österreich,t
rotenburg,t
turkish,f
javanese,f
sri,f
pakistan,f
charlestown,t
dublin printed; london reprinted ,t
romanian,f
central,f
bohemian,t
bath; j. robinson & roberts,t
polish,f
lydian,f
"neolithic,",f
greater,t
guanacaste-nicoya,f
michoacan,f
yoruba,f
halaf,f
lipcse,f
brussels,t
newburyport,t
reading,t
late,t
"3 . , 1845, 46",u
"norwegian,",t
1845,u
pisa,t
daventry,t
turin,t
naples; john rodwell,t
franeker,t
frankfort on the main,t
caracas,f
mejico,f
st. helena,t
amherst,t
glasgow & london,t
darmstadt & wiesbaden,t
dartmouth,t
"london, newcastle upon tyne [printed]",t
"st. petersburg, leipzig",t
erlangen,t
monmouth,t
"hull, [driffield printed]",t
yverdon,t
amersfoort,t
bradbury & evans,t
"fribourg, suisse",t
zaragoza,f
lemgo,f
published in 66 pts. london,t
"edinburgh & london; fullarton, macnab & co",t
george bell,t
kreuznach,t
"london, kendal printed",t
palermo,t
nouvelle-york,t
chalon-sur-saone,t
lowestoft; whittaker & co,t
iowa],t
"lille [printed], paris",t
windsor,t
ratisbon],t
"oxford [printed], london",t
beaune,t
rio de janeiro,f
new york and chicago,t
"leipzig, rudolstadt [printed]",t
swindon,t
crefeld,t
oxford & london,t
e. h. butler & co,t
"albany, n.y.]",f
darmstadt [printed],t
douai,f
"printed for private circulation, by whittingham and wilkins",t
"london, derby [printed]",t
"e. belin, paris, saint-cloud [printed]",t
london and new york,t
valence,t
dublin and london,t
"london,] perth [printed",t
"pp. 94. de la rue & co. london, [1880.]",t
new york; trubner & co,t
windermere,t
london; guildford [printed,t
barnsley,t
nantwich,t
avignon,t
dusseldorf,t
havre,t
wednesbury,t
london; hertford printed,t
"newport, r.i",t
glarus,t
london; robert white,t
dungarvah,t
evesham,t
melegnano,t
tewkesbury,t
oneglia,t
congleton,t
toledo [u.s.],t
aoste,t
agen,t
new york [printed] & london,t
bielefeld,t
londonderry,t
"2 vol. r. bentley & son london; edinburgh [printed], 1888",t
"pp. 380. griffith, farran & co. london; edinburgh [printed, 1888]",t
"brighton,] 1873",t
"pp. xii. 314. privately printed carbonnek [london?], 1888",t
"pp. 266. jarrold & sons london; norwich [printed], 1888",t
"pp. 148. fun london, [1888.]",t
"pp. xii. 340. ward & downey london, 1888",t
ludlow,t
bogota,f
harrow on the hill,t
dalbeattie;  castle-douglas [printed],t
brandenburg a. d. h,t
llandudno,t
"pp. 320. s. w. partridge & co. london, [1889.]",t
belfast,t
solva,f
shanghai,f
asnieres,t
nijkerk,t
stockport,t
torquay,t
"siena, roma",t
"glens falls, n.y",t
pozsony,f
castellon,t
"pp. 168. roberts bros. boston, 1892",t
leamington,t
temesvar,f
franklin,t
rocca s. casciano,t
"pp. 144. j. mckelvie & sons greenock, 1895",t
seattle,t
"pp. 246. simpkin & marshall london, 1895",t
codogno,t
"newark, ohio",t
venice,t
spennymoor,t
st. asaph,t
bath,t
st. petersburg,t
malzeville,t
santiago,f
"pp. 136. e. hughes & co. london, [1899.]",t
"pp. 90. offices of the kent county examiner ashford, 1900",t
"pp. 121. t. fisher unwin london, 1925",t
peebles,t
london; nuremberg printed,t
"pp. 253. oliphant & co. edinburgh, 1888",t
london; printed in germany,t
"pp. 280. sampson low & co. london, 1888",t
new york [printed],t
melton mowbray,t
"richmond, yorks",t
paterson,t
frankfurt a. o,t
"richmond, vaa",t
ansbach,t
bournemouth,t
london; g. c. whitney,t
"mainz, [darmstadt printed",t
treviso,t
leipa,t
"los angeles, cal",t
"2 pt. , 1853, 54",t
"richmond, va",t
luton,t
"cookshire, que",t
tamworth,t
magdeburg,t
louisville,t
bell & daldy,t
"edinburgh, 1867 [1866]",t
london & leamington,t
santiago de chile,t
hoogstraten,t
"portland, oregon",t
maidstone,t
warwick,t
rambouillet,t
"bangor, me",t
avallon,t
cassell petter & galpin,t
"washington, d.c",t
weymouth,t
"pp. 80. cassell & co. london, 1900",t
oldham,t
"london t. nelson & sons, etc. 1888 [1887]",t
maritzburg,t
portsmouth,t
chester-le-street,t
senlis,t
"hildesheimer & faulkner london; germany [printed, 1892]",t
marseille,t
"pp. xx. 137 [138]. ward & downey london, 1895",t
"Bohemian, Plaquemines Parish, Louisiana, 70083, United States of America",t
"Unknown, The Bahamas",f
jacob tonson; printed by i. Dawks,t
murcia,t
bhutanese,f
"indonesian,",f
"philippine,",f
siberia,f
north,t
northern,t
euboean,f
italic,t
mycenaean,f
columbia,f
veraguas,f
ica,t
maori,f
urartian,t
scythian,f
asti,t
dorset,t
switzerland,t
etrusco-campanian,t
mitanni,f
"providence grove, near shrewsbury",t
burlington,t
amiens,t
calais,t
stourport,t
dunfermline,t
haverhill,t
frankfort on the maine],t
"london, gainsburgh [printed]",t
's-gravenhage,t
"greenfield, mass",t
celtic,t
charleston,t
francfort sur le mein,t
"paris, amsterdam, 1768",t
brugge,t
carnarvon,t
shanghae,f
"london, leicester printed",t
beziers,t
pesten,t
"london, 1852",t
tubingen,t
dordrecht,t
meaux,t
salford,t
new york; london printed,t
columbus,t
cambridge [mass.],t
"london, [1874.]",t
aberdar,t
"london, worksop [printed]",t
"london, leicester [printed, 1876]",t
penzance,t
castle-douglas,t
"[printed],",u
"london, belfast",t
orizaba],f
"newport, isle of wight",t
neusalza,t
mantes,t
catania,t
leipzig [printed] und wien,t
8. london,t
"london, aylesbury",t
pont-audemer,t
] edinburgh,t
melun,t
vienne,t
cambrai,t
"pp. 93. the eastern counties gazette office ipswich, [1888.]",t
"pp. viii. 454. simpkin, marshall & co. london, 1888",t
"2 vol. f. v. white & co. london, 1888",t
"pp. x. 375. whiting & co. london, 1888",t
gibraltar,t
paris [printed],t
"berlin, leipzig [printed]",t
bar-le-duc,t
peronne,t
",",u
carmarthen,t
kettering,t
"e. nister london; nuremberg printed, [1891.]",t
leek,t
"london; [cambridge, mass., printed]",t
copenhague,t
rugby,t
philadelphia],t
steinbach-hallenberg],t
leyton,t
kilmarnock,t
adelaide,t
brisbane,t
london; aylesbury,t
dax,t
london?],t
tournai,t
"pp. xliv. 232. blanchard burgess hill, sussex, 1895",t
"d. nutt london, 1895",t
nimegue,t
"2 thle. frankfurt am main, 1880, 8",t
montpellier,t
"portland, maine",t
"pp. xiv. 136. john lane london, 1896 [1895]",t
london; philadelphia printed,t
paisley & london,t
ramsgate],t
levis,t
"paris, nancy",t
spilsby,t
strivelin [stirling],t
"cleveland, o",t
hirson,t
montevideo,t
woodstock,t
gutersloh,t
"pp. 38. r. w. hunter edinburgh, [1899.]",t
"pp. 58. e. t. heron & co. london, [1900.]",t
"j. m. dent & sons london & toronto, 1919",t
halle a. s,t
"st. augustine, florida",t
vitoria,t
kjbenhaven,t
colmar,t
london; greenwich [printed],t
lahore,t
"f. warne & co. london; holland, [1892.]",t
"windham, n.h",t
lipsiae,t
camberwell,t
1894.],t
pp. 733. puritan publishing co. boston [mass.] [1894] 8,t
witney,t
rimini,t
northampton and london,t
perigueux,t
melbourne & ballarat,t
freiburg in baden,t
san diego,t
albert,t
sleaford,t
brantford,t
boston [u.s.]; cambridge [u.s. printed],t
leipzig [printed] und heidelberg,t
"london [printed], new york",t
les andelys,t
bangalore,t
brecknock,t
blackpool,t
drezno,t
"springfield, mass",t
london & new york [printed],t
"fort smith, ark",t
"pp. ix. 308. gay & bird london, 1900",t
"george g. harrap & co. london, [1913.]",t
kirkwall,t
"sampson low, marston, searle & rivington",t
leuven,t
yper,t
newton abbot,t
merthyr tydfil,f
"london; cambridge, mass. [printed]",t
"london, bath [printed]",t
"Portugese Fort, كمران, الحديدة, اليمن",f
malayan,f
l. gilliver,t
salop,t
olmec,f
recuay,f
chorrera,f
canada,t
old,u
casalmaggiore,t
chiriqui,f
siena,t
avar,f
barnstaple,t
ostrogothic,f
reggio,t
cagliari,t
rochester [new york],t
arabian,f
cycladic,f
london; j. grainger,t
sondershausen,t
new haven [conn.],t
todi,t
salem,t
woodbridge,t
waterford,t
augsburg & leipzig,t
geneva printed,t
hall,t
rochester printed,t
calima,t
john & daniel a. darling,t
autun,t
leipsic,t
stettin,t
chemnitz,t
beuthen o./s,t
"london, birmingham [printed]",t
varallo,t
bologna,t
lisieux,t
"oxford [printed], london, [1868.]",t
london [bungay printed,t
winterthur,t
rennes,t
"london, edinburgh [printed",t
"4 vol. f. s. ellis london, 1870, 71",t
"st. helier,] jersey",t
"new york, cambridge [mass. printed",t
nordhausen,t
london; liddell & son,t
saltaire,t
london; chilworth [printed,t
"london, manchester [printed]",t
"3 . , 1863-66",t
"london, 1875",t
"paris, abbeville [printed]",t
bemrose & sons,t
bridgwater,t
soissons,t
"privately printed london, 1867",t
stamford,t
lobau,t
kingston-upon-hull [printed]; london,t
montreal; quebec,t
"pawling, n.y",t
v tabore,t
"london, chester [printed]",t
laval,t
"somerville, new jersey",t
"smith, elder & co",t
lorca,t
"san antonio, texas",t
redhill,t
bamberg,t
"hamden, conn.] appledore u.s. press, [1892]",t
london & sydney,t
voiron,t
malta,t
rathenow,t
south molton,t
penrith,t
philadelphia; london,t
kobenhavn,t
london; amsterdam [printed,t
"pp. viii. 110. constable & co. london, 1896",t
aarau,t
sherborne,t
crieff,t
wellington [n.z.],t
"pp. xiii. 208. skeffington & son london, 1898",t
macmillan & co.; new york,t
romorantin,t
"pp. xi. 124. skeffington & son london, 1900",t
pontefract,t
"pp. xix. 293. hodder & stoughton london, 1888",t
dinan,t
battle,t
heidelberg,t
philadelphia pa,t
south norwood,t
st. nikolaas,t
retford,t
brunn,t
te groningen,t
northampton [u.s.],t
megico,f
quedlinburg,t
london; stone & kimball,t
"columbia, s.c",t
"pp. 163. j. lane london, 1895",t
altenburg n.-oe,t
orpington,t
kolozsvartt,t
stratford,t
rangoon,t
nowy sacz,f
nagy-enyed,f
king's lynn,t
brooklyn,t
"london, hamburg [printed]",t
"london, bedford [printed]",t
angusta [mo.],t
auxerre,t
valparaiso,t
"richmond, surrey",t
poitiers,t
hiogo,f
singapore,f
"pp. 23. t. fisher unwin london, 1883",t
"pp. 25. philip wellby london, 1900",t
"pp. 320. cassell & co. london, 1887",t
"ipswich pawsey & hayes; london simpkin, marshall & co., [1888]",t
"pp. 349. griffith, farran, okeden & welsh london, [1888.]",t
"pp. 395. t. nelson & sons london, 1889 [1888]",t
orangeburg,t
james bowden,t
"bliss, sands, & foster",t
basel,t
"atlanta, georgia",t
Sverige,f
"poincot, paris,] 1788-93",t
air,t
loddon [sic],t
germanic,t
vietnam,f
baluchistan,f
"asian,",f
panuco,f
islamic,f
syrian,f
nabataean,f
coventry and northampton,t
"canterbury, dover [printed]",t
franco-netherlandish,t
halstatt,t
"london, leicester [printed]",t
mozambican,f
"4 pt. , 1847",u
poznan,f
mulhouse,f
"syracuse, n.y",t
mixtec,t
rochester [u.s.],t
nordlingen,t
"new york, raleigh [printed]",t
"frankfort, ky",t
ruthin,t
leipzig und altenburg,t
newark,t
1-3. edinburgh,t
gyulan,f
bremen,t
"epsom, dorking [printed",t
llandovery,t
ferrara,t
gotheborg,t
"paris, chaumont [printed]",t
freiburg in der schweiz,t
"pp. xv. 44. swift and co. london, 1867",t
waterbury,t
gawler,t
davenport,t
"pp. xx. 372. william p. nimmo edinburgh, 1868",t
zurich aarau,t
albenga,t
thame,t
"albion, n.y",t
"gent, eecloo",t
"london, 1872",t
middlebury,t
kingsbridge,t
"grantham; simpkin, marshall & co",t
"london, norwich [printed]",t
"newark, n.j",t
edinburgh [printed] and london,t
oederau,t
orleans,t
"london, bungay [printed]",t
"london, dublin [printed]",t
"boston, lincs",t
tulle,t
"augusta, georgia",t
le havre,t
.,u
"wiesbaden, darmstadt [printed]",t
4. london,t
london;  cambridge [printed,t
"pp. 96. , 1870",t
hamburg und leipzig,t
blaye,t
"pp. 262. griffith, farran & co. london, 1886",t
cupar,t
llundain,t
"london, brighton [printed",t
paris?,t
czernowitz,f
aix,t
"2 vol. macmillan & co. london, 1889",t
"newburgh, n.y",t
"pp. 384. blackie & son london, 1889 [1888]",t
little rock,t
frankfurt a.m,t
"rutland, vt",t
montdidier,t
richmond [va.],t
"pp. 96. ward & downey london, 1893",t
margate,t
porto,t
"pp. ii. 90. ideal publishing union london, 1895",t
smethwick,t
camborne],t
konstanz,t
"pp. xvi. 149. geddes & co. edinburgh, [1897.]",t
kristiania og kjbenhavn,t
"akron, ohio",t
capetown,f
montiers-tarantaise [reprinted],t
beverley,t
"pp. 79. s. w. partridge & co. london, [1899.]",t
kaiserlautern,t
eastbourne,t
versailles,t
kendal,t
ventnor,t
auckland,t
london; frankfort a./m. [printed,t
privately printed,t
neustrelitz,t
danzig,t
at,t
bale,t
"harlem, utrecht [printed]",t
chelsea,t
"stuttgart, carlsruhe [printed]",t
victoria,t
manila,f
"new york [printed], chicago",t
poole,t
"london [printed], cambridge",t
abbeville,t
clevedon,t
kansas city,t
"pp. 40. hodder & stoughton london, [1900.]",t
repton,t
bolton,t
london; philadelphia [printed],t
siegburg,t
"london & new york, macmillan & co",t
plaistow,t
"pp. x. 429. john murray london, 1894",t
pola,t
Magyarország,f
indigenous,t
virgin,t
continental,t
punuk,t
peruvian,f
mezcala,f
huastec,f
hattian,f
colombian,f
crusader,f
costa,f
"richmond, darlington [printed]",t
teotihuacan,f
"boston, u.s",t
kornthal,t
messina,f
paris und strassburg [printed],t
rochefort,t
thomson & wrightson,t
weimar,t
carolingian,t
londra,t
bud,t
"turin, an xiii",t
"pp. 53. j. cundall london, 1847",t
"sydney, n.s.w",t
maysville,t
"brussel, gent und leipzig",t
"pest, darmstadtban [printed]",t
"london,]",t
"boston [mass.], cambridge [mass., printed]",t
edinburgh [printed] london,t
hamm,t
"london, [1875.]",t
bedford,t
nos. 1-7. london,t
london & belfast,t
"boston, mass.]",t
paris; eala rochelle [printed],t
london; belfast [printed],t
"london; edinburgh, printed",t
croydon,t
london; perth [printed],t
szeged,f
"e. moxon, son & co",t
volterra,t
ii,u
weardale,t
roanne,t
melbourne; trubner & co,t
leyden,t
"pp. 221. george routledge & sons london, 1887",t
"pp. viii. 104. f. m. fetherston york, [1873?]",t
"pp. 277. longmans & co. london, 1888",t
"pp. 265. g. redway london, 1888",t
"cape town, london [printed]",t
valenciennes,t
"oregon state board of immigration, portland, oregon",t
grantchester,t
ilfracombe,t
malines,t
] appledore u.s. press,t
leeuwarden,t
"wellington, salop",t
kristiania & kjbenhavn,t
trinidad,f
purmerend,t
london; bavaria printed,t
"london, warrington [printed]",t
"pp. 81. phillipson & golder chester, 1894",t
"pp. xv. 240. century co. new york, 1894",t
bruchsal,t
"pp. vi. 200. elliot stock london; adnitt & naunton shrewsbury, 1894",t
modica,t
etampes,t
budapet,f
luzern,t
boston [mass],t
"pp. 146. simpkin, marshall, hamilton, kent & co. london; cornish bros. birmingham, 1897",t
"pp. viii. 148. elliot stock london, 1898",t
nashville,t
hawick,t
"pp. viii. 512. sampson low & co. london, 1888",t
"pp. xii. 350. seeley & co. london, 1888 [1887]",t
"pp. vi. 380. seeley & co. london; guildford [printed], 1889 [1888]",t
weipert],t
berne,t
rethel,t
hermannstadt,t
london and sydney,t
southsea,t
hackney,t
rochdale,t
"london, [new york printed]",t
stoke-on-trent,t
"london, paris [printed",t
"pp. viii. 111. john lane london, 1896",t
kirriemuir,t
mulhausen,t
salcombe,t
"london, liverpool [printed]",t
ashford,t
kjobenhavn,t
jedburgh,t
"rock island, illinois",t
"pp. 206. trubner & co. london; new york [printed], 1889",t
appleby,t
gray,t
"boston ticknor & co., 1886",t
"Scotland, UK",t
"Catalan, Ferrocarril, Perimetro Urbano Pereira, Pereira, Risaralda, Colombia",t
other,t
moroccan,t
john watts. london,t
aegean,t
bungay,t
macaracas,t
taino,t
"longman, hurst, rees & orme",t
honfleur,t
"paris [printed], london",t
anglo-saxon,t
hanovre,t
paderborn,t
augusta,t
pesth & wien,t
xinjiang,f
celle,t
"west meriden, u.s",t
leominster,t
nice,t
", 1858",u
"london, st. leonard's-on-sea [printed]",t
"launceston, tasmania",f
new york?],t
"pittsburg, penn",t
ardrossan,t
london; a. & r. milne,t
bromberg,t
london; perth [printed],t
"pp. 64. g. routledge & sons london, [1883.]",t
"rudolstadt [printed], leipzig",t
"london, hereford [printed]",t
"paris, poitiers [printed]",t
hoxter,t
savona,t
tilsit,t
"pp. xii. 254. iv. walter scott london, 1886",t
debreczen,t
"pp. vii. 301. t. fisher unwin london, 1888",t
"pp. 367. d. bryce & son glasgow, 1888",t
"pp. 345. griffith, farran & co. london, 1888",t
east grinstead,t
"pp. 314. bentley & son london; guildford [printed], 1889",t
"pp. 273. sealy & co. dublin; simpkin, marshall & co. london, 1889",t
"pp. 308. t. nelson & sons london, 1889 [1888]",t
thomas nelson & sons,t
charleroi,t
"pp. 14. printed for private distribution london, 1876",t
saint-brieuc,t
douglas,t
musselburgh,t
"pp. viii. 155. e. mathews & j. lane london, 1894",t
"nelson, n.z",t
zurich; h. rothe,t
"pp. xii. 323. b. moore burnley, 1895",t
"pp. xii. 95. john lane london; george h. richmond & co. new york, 1896",t
dumfries,t
"pp. 72. a. e. murray wigan, [1898.]",t
wigan,t
konigsberg pr,t
"pp. xii. 59. thomas burleigh london, 1900",t
"pp. 51. handley bros. liverpool, 1900",t
19th ed,t
barneveld,t
st. andrews,t
"j. clarke & co. london, [1888.]",t
"pp. vii. 425. j. nisbet & co. london, 1888",t
alger,t
tournus,t
"fall river, mass",t
"london, frome [printed]",t
"pp. 39. h. n. ralston washington, 1893",t
ashbourn,t
denver],t
", 1896",t
concord [n.h.],t
trondhjem,t
horten,t
"plymouth, pa",t
"brothers headley london, 1899",t
"pp. 32. a. h. stockwell london, [1922.]",t
"london and belfast, chilworth [printed]",t
"worcester, [mass.]",t
"pp. 149. g. routledge & sons; kegan paul & co. london, [1921.]",t
tiverton,t
bergen,t
cashel,t
teignmouth,t
arau,t
Schweiz/Suisse/Svizzera/Svizra,t
pontine,t
in the savoy,t
canadian,t
myanmar,f
slovak,f
tlingit,f
boston; carey & lea,t
southwest,t
hunnic,f
u zagrebu,f
seleucid,f
"waterbury, conn",t
"leeds [printed], hull",t
baden,t
"50. lee priory, [kent]",t
kensington,t
"longman, hurst, rees, orme, & brown",t
newcastle upon tyne,t
tolita-tumaco,f
newburgh,t
gratz,t
"2 . . , , 1867",u
mauritius,t
conway,t
"huddersfield [printed], london",t
wein,t
"new york, london",t
"bickers & son, etc",t
", 1876-1905",t
"marquette, mich",t
"paris, saint-cloud [printed]",t
hobart town,t
"london, oxford [printed]",t
rudolfswert,t
harrow,t
cluny,t
"london; scribner, welford, & armstrong",t
"pp. vi. 474. richard bentley & son london, 1889",t
london; thomas upward,t
port-of-spain,t
conde-sur-noireau,t
digne,t
florentiae,t
edinburgh & glasgow,t
"pp. 115. printed by the author glasgow, 1892",t
"pp. 319. j. menzies & co. glasgow, 1893",t
"london, [1879.]",t
chambery,t
ghent,t
bone,t
"pp. vi. 81. houghton, mifflin & co. boston and new york, 1899",t
"pp. ix. 268. harcourt & co. new york, 1920",t
"pp. 125. herbert jenkins london, 1917",t
oulussa [uleaborg],t
peterhead,t
"pp. xiv. 335. longmans & co. london, 1887",t
"quincy, mich",t
nagyvarad,f
"pp. x. 384. seeley & co. london, 1889 [1888]",t
mamers,t
montrose,t
london; germany [printed,t
halesworth,t
bilston,t
"georgetown, british guiana",f
henry g. bohn,t
maubeuge,t
"london, newcastle-upon-tyne [printed]",t
chartres,t
"kingsbridge [printed], london",t
"london, 1866",t
"paris, geneve [printed]",t
vancouver,t
wisbech,t
"pp. 47. headley bros. london, [1907.]",t
"pp. 61. basil blackwell oxford, 1926",t
oxford [printed] and london,t
guatemala,f
eschweiler,t
evreux,t
pontevedra,f
"g. eld london, 1608",t
nias,t
cambodia,f
arkstes & merkus,t
phoenician,t
mindanao,f
capuli,f
israelite,f
kushano-sasanian,f
havant,t
westerham,t
"no. 1, 2. london",t
tottenham,t
brescia:,t
d. appleton & co,t
brazilian,f
dockum,t
faenza,t
johann heinrich rudigern,t
lutterworth,t
villaclara,t
"roxbury, mass",t
angouleme,t
orebro,t
london; bradshaw & blacklock,t
"pest, becsben [printed]",t
coutances,t
"edinburgh, london",t
"london, bungay [printed",t
1. paris,t
"london george routledge and sons, 1866",t
"boston [mass.], cambridge [mass. printed]",t
nerac,f
v skalici,f
chateaudun,t
emmendingen,t
grimsby,t
brieg,t
ljubljana,f
georgetown,t
wedmore,t
"paris, dole [printed]",t
"pp. 384. shaw & co. london, [1888.]",t
"pp. 270. sonnenschein & co. london, 1889 [1888]",t
boston [mass.]; cambridge [mass. Printed],t
"boston, cambridge [mass., printed]",t
"e. nister london; nuremberg, [1890]",t
"london, paris, and new york",t
worcester,t
oldenburg,t
aberfeldy,t
los angeles,t
vannes,t
newport,t
"pp. 63. shrewsbury, 1894",t
". 1-7. , 1880-1900",u
baden bei wien,t
"london elliot stock, 1897",t
wheaton,t
"g. burgess & p. garnett san francisco, 1897",t
driffield,t
"pp. ix. 118. gay & bird london, 1899",t
winnipeg,t
diekirch,t
eindhoven,t
neu-ruppin,t
"pp. xi. 339. seeley & co. london, 1888 [1887]",t
"pp. viii. 322. sampson low & co. london, 1888",t
"r. tuck & sons london; saxony printed, [1894.]",t
coggeshall,t
"boston, cambridge [u.s. printed]",t
hull & london,t
"edinburgh, 1866",t
v c. brode,t
"buffalo, n.y",t
colombo,t
langensalza,t
"pp. 108. printed for private circulation dusseldorf, 1897",t
ballymena,f
tibetan,f
northeast,f
nepal,f
slavonic,f
carthaginian,f
archaic,f
yankton,f
ojibwa,f
isin-larsa–old,f
elamite,f
sonso,f
"italic-native,",t
jama-coaque,f
quechua,f
wari-chimú,f
hittite,f
finnish,t
hu,f
shrewsbury & providence grove,t
carlsruhe,t
zara,f
1830?],u
sweedish,t
", 1841",u
diegueño,t
"london, 1869",t
bridgnorth,t
"london; scribner, welford & co",t
bishop auckland,t
"berlin, charlottenburg [printed]",t
livorno,t
london; beccles [printed],t
alessandria d'egitto,t
london; pollard & moss,t
t. fisher unwin,t
"macon, georgia",t
vervins; le nouvion,t
"stirling, n.b.; edinburgh printed",t
new york city,t
cirencester,t
"pp. 224. blackie & son london, [1888.]",t
odense,t
la porte,t
weida,t
la rochelle,t
stonehaven,t
"pp. ix. 88. j. lane london, 1895",t
2 bd. naumburg,t
santiago [chilo.],f
"pp. 237. w. thacker & co. london, 1897",t
guernsey,t
rigmer,t
"pp. xi. 194. greening & co. london, 1899",t
"pp. vi. 216. hatchards london, 1888",t
"london, u.s.a",t
manchester & london,t
tarbes,t
st. albans,t
denbigh,t
"brooklyn, n.y",t
"ernest nister london; printed in bavaria, [1895.]",t
forbach,t
"manchester, n.h",t
"pp. 108. hurst & blackett london, 1898",t
solothurn,t
copenhagne,t
barnard castle,t
"pp. x. 183. j. m. dent & co. london, 1896",t
"london, germany, [printed",t
printed by i. b. for robert allot. london,t
oxonii,f
r. bentley; j. tonson; printed by t. h,t
mongolia,f
indus,f
munich,t
London; 1887,t
campeche,t
canaanite,f
"london, nottingham printed",t
genoa,f
buenos-aires,f
stk,f
haddington,t
atlantic,f
iban,f
"london, [bordeaux?]",t
". 1-29. , 1857-56-79",u
i. kijow,f
t. o. h. p. burnham,t
la haye,t
canandaigua,t
ely,t
"stamford [printed], london",t
"privately printed belfast, 1870",t
"london, norwich [printed",t
rousselare,t
ulm,t
troyes,t
london; bungay [printed,t
glasgow; andrew elliot,t
"pp. 256. m. ward & co. london, 1883",t
midhurst,t
"pp. 260. c. burnet & co. london, 1888",t
"pp. 318. partridge & co. london, [1889.]",t
savannah,t
muncher,t
ems,t
"birmingham, f. hall",t
"london,$c1881",t
galashiels,t
falmouth,t
nijmegen,t
"pp. xiii. 170. sampson low & co. london; new york [printed], 1888",t
london; new york [printed,t
konigsberg,t
bozen,t
clinton,t
meadville penna,t
charles griffin & co,t
"pp. 134. allbut & daniel hanley, 1898",t
"jena, naumburg a. s. [printed]",t
"pp. ii. 80. a. w. dawson newport, 1898",t
portland,t
"london, bristol [printed]",t
"pp. 302. ward & downey london, 1888",t
"malden, [in u.s.a.]",t
"pp. 85. g. robertson & co. melbourne, 1892",t
"petersburg, va",t
totnes,t
"Other, Corozal, Corozal District, Corozal, 0000, Belize",f
"printed by e. p. [elizabeth pursloe] for henry seyle, london",t
anglo-flemish,t
"hilt,",t
iberian,f
"georgian,",f
muisca,f
yortan,f
hereford,t
strasburg,t
tolima,f
gorlitz,f
boussu,t
"london, manchester [printed",t
"london, glasgow, printed",t
leith,t
"new york, cambridge [mass. printed]",t
"paris, possy [printed",t
budan,f
koln und neuss [printed],t
bombay; [london printed],f
wien [printed] und pest,t
"66 no. [london,] 1865",t
"hereford, london [printed]",t
cannstatt,t
"new haven, conn",t
"boxford, mass",t
greenwich,t
darlington,t
"pp. 309. griffith, farran & co. london, [1888.]",t
"pp. viii. 264. swan sonnenschein & co. london, 1888",t
"bentley & son london, 1888",t
"pp. 93. edward garnett holmwood, 1889",t
broni,t
cairo,f
washington city,t
pontaillac,t
olney,t
worksop,t
tarragona,t
allahabad],f
aldine house,t
chattanooga,t
"pp. xvi. 157. pioneer press allahabad, 1918",f
dixmude,t
melk,t
devonport,t
w wilnie,t
settle,t
richard griffin & co,t
calcutta?,t
"pp. 320. w. h. addison london, 1897",t
salo,t
magny-en-vexin,t
barnet,t
st. neots,t
"african,",f
bath; c. dilly,t
visayas,f
dogon,f
saffron walden,f
cremona,f
nariño,f
"london, sunderland [printed]",t
puruha,f
"london, yarmouth [printed]",t
lucern,t
wrexham,t
oswestry,t
villefrancho-s.-saone,t
"utrecht, [1859?]",t
stokesley,t
"cambridge, 1865",t
wigtown,t
schiedam,t
london; nuremberg [printed],t
athens,t
kassel,t
temesvarott,f
citta di castello,t
wallingford,t
jever,t
"hubbardston, mass",t
new orleans,t
budweis,t
karlsbad,t
cividale,t
"pp. 61. jonathan cape london, 1927",t
"pp. 56. e. mathews & marrot london, 1927",t
"pp. 204. sonnenschein & co. london, 1888",t
"2 . , 1831",u
enfield,t
basingstoke,t
"madison, etc",t
weinheim,t
"pp. 29. digby & long london, [1892.]",t
henry herringman; printed by t. n. [thomas newcomb],t
kazakhstan,f
lawton gilliver,t
henley,t
pestini,t
quimbaya,f
casas,f
mali,f
oneida,t
proto-elamite,f
"canterbury, 1825",t
bazas,f
slavic,f
leamington & warwick,t
"pp. 16. c. fox london, 1835",t
navajo,f
"lille, wazemmes [printed]",t
perugia,f
aaron,t
andrew moffat; glasgow,t
clamecy,t
"london, wigan printed",t
juterbock,t
manchester; simpkin & marshall,t
london; albert gait,t
neustadt a. d. haardt,t
"london religious tract society, [1873.]",t
ballarat,f
west maitland,t
kingston-upon-hull,t
"pp. 306. j. w. arrowsmith bristol, 1888 [1887]",t
"pp. iv. 175. chapman & hall london, 1888",t
ryde,t
nykoping,t
broadstairs,t
"indianopolis, ind",t
angers,t
tolz,t
sacramento,t
arona,t
dublin and belfast,t
"pp. 224. a. gardner paisley & london, 1896",t
orizaba,f
"pp. 59. j. w. arrowsmith bristol, 1920",t
london; glasgow [printed,t
bathoni,f
j. johnson,t
"pp. li. 397.      , 1819",t
ashby-de-la-zouch,f
london; f. p. harper,t
gottingen,t
le caire,t
fulda,t
"leipsic, printed; london",t
possneck,f
dresden-leipzig,t
saint-dizier,t
rye,t
carpentras,t
halstead,t
"malaysian,",f
harrison & co,t
"helladic,",t
international,f
neuva york [sic],t
visigothic,t
kaiserslautern,t
bamileke,f
minangkabau,f
villanovan,f
sulzbach,t
"londini, cantabrigi",t
"2 . , 1853, 55",u
"london, warwick [printed",t
minden,t
no. 1-5. london,t
"pesth, darmstadt [printed]",t
kassan,t
villemarie,t
leigh,t
"chicago [printed], new york",t
pittsburgh,t
"sullivan brothers dublin, 1887",t
"2 vol. chatto & windus london, 1888",t
"2 vol. bentley & son london, 1888",t
"pp. v. 456. richard bentley & son london, 1889",t
"pp. 320. partridge & co. london, [1889.]",t
lancaster,t
fiume,f
giessen,t
"pp. xii. 208. j. young & sons perth, 1898",t
enniscorthy,t
fort-william,t
"pp. xv. 395. bemrose & sons london; g. & t. coward carlisle, 1900",t
london; nuremberg,t
"knoxville, tenn",t
rotherham,t
", 1842",u
"washington, etc",t
london; nimeguen [printed,t
sezanne,t
"pp. 46. e. mathews london, 1898",t
"pp. xix. 150. john murray london, 1905",t
"ernest nister london; e. p. dutton & co. new york; printed in bavaria, [1912.]",t
providence [r.i.],t
"pp. 41. george allen london, 1899",t
anatolian,f
mongolian,f
chupicuaro,f
tellem,f
sienese,f
upper,f
sao,f
"london, leeds [printed]",t
"wootton, isle of wight",t
tholen,t
frankfurt,t
"london, 1858",t
zaandijk,t
"stamford [printed, and] london",t
lahr,t
cologne,t
"new york, cambridge [printed]",t
dieppe,t
oban,f
"paris, laon [printed]",t
shrewsbury; lewis & williams,t
"london, pately bridge [printed]",t
vlissingen,t
bucuresci,t
"pp. viii. 502. spencer blackett london, [1889.]",t
"truro, london",t
"1, 2. paris",t
"pp. 78. john lane london & new york, 1898",t
kirkby stephen,t
davos,t
"pp. 41. imrie, graham & co. toronto, 1900",t
"pp. xi. 59. j. parker & co. oxford, [1900.]",t
"pp. 15. a. h. stockwell london, [1920.]",t
london; nimeguen [printed],t
charleville,t
karlsruhe,t
trevoux,t
"darmstadt, lindenfels [printed]",t
wirksworth,t
"selby [printed], london",t
dingwall,t
gheel,t
"london, holland [printed",t
iranian,f
thai,f
parma,t
a. & w. galignani; jules didot,t
ethiopian,f
epsom,t
granville,t
kushan,f
pariz,t
"lille [printed], tourcoing",t
mondovi,f
brecon,t
"mainz, wiesbaden [printed]",t
altenburgh,t
ripon?,t
milan,t
nantes,t
new london,t
wakefield?,t
"madras, 1865",t
"london, newcastle-on-tyne [printed]",t
lund [reprinted],t
"london, salisbury [printed",t
mantova,t
"new haven, conn. appledore private press, 1876]",t
chatto & windus,t
wells,t
nogent-le-rotrou,t
"montpellier [printed], paris",t
anklam,t
"stralsund, greifswald [printed]",t
zanzibar,f
wycombe,t
stans,t
it,t
edinbourgh,t
buckingham,t
clapham,t
keswick,t
chippenham,t
inverness?,t
"paris, vendome [printed]",t
whitehaven,t
"christy, mo",t
bury,t
tain,t
altenburg,t
neuchatel,t
imprinted at london,t
remojadas,f
haida,f
cree-métis,f
great,t
au meschacebe [mons],f
langobardic,f
salerno,f
moche-wari,f
"st. louis, [new york printed]",t
thetford,t
stroud,t
3 vols. edinburgh,t
vicenza,t
at the cross of dumbarton,t
wien [printed] und olmuz,t
muhlhausen,t
"rouen [printed], paris",t
falkoping,t
"london, crystal palace press [printed]",t
vicojulii ad aturem,t
"dundee, 1878",t
arezzo,t
helensburgh,t
wirzburg,t
".- [printed],",u
providence],t
frederick warne & co,t
spoleto,t
achern,t
"pp. 112. pioneer press allahabad, 1899",f
"pp. 39. t. burleigh london, 1900",t
bunzlau,f
"pp. viii. 228. j. nisbet & co. london, 1888",t
"pp. 334. g. routledge & sons london, 1889 [1888]",t
london; aberdeen [printed],t
"ward, lock, bowden & co",t
"london, barnard castle [printed]",t
george routledge & sons london,t
idle,t
"printed by j. c. for tho. dring, joh. leigh",t
diquís,f
bura,f
ferrol,t
dover [and] london,t
vendel,t
"concord, n.h",t
"london, 1850",t
maohi,f
zwickau,f
andover [u.s.],t
hartford [u.s.],t
circassian,f
chancay,f
toledo,t
shepton mallet,t
"cambridge, london [printed]",t
london aylesbury [printed],t
le mans,t
"london, ilfracombe [printed",t
bayeux,t
"richmond, va., reprinted",t
bickley,t
stuttgart & reutlingen,t
s. paulo,f
"pp. 220. d. stott london, 1886",t
colberg,t
"pp. 335. sonnenschein & co. london, 1889 [1888]",t
newbury,t
"cincinnati [printed], new york",t
"salem, oregon",t
marburg,t
a. strahan,t
"pp. vii. 374. warne & co. london, [1888.]",t
"pp. 281. hatchards london, [1889.]",t
london; chicago printed,t
rio de janiero,f
"m. ward & co. london, [1895.]",t
"leadenhall press london, 1896, etc",t
thorne,t
"pp. xii. 344. r. w. hunter edinburgh, 1899",t
plumstead,t
"pp. 346. t. fisher unwin london, 1888",t
"capetown, johannesburg",t
printed by r. raworth; sold by iames becket,t
"j. y., for e. d. & n. e. london, 1652",t
franco-italian,t
acheen,t
germany,t
bulgaria,f
"carchi-nariño,",f
bahia,f
tembladera,f
carchi,f
isin-larsa,f
qajar,f
munster,t
arabic,f
vili,t
bactria,t
"london, grantham [printed]",t
stuttgart & tubingen,t
augsburg,t
bar-sur-seine,t
ingolstadt,t
barton-upon-humber,t
"claremont, n.h",t
"london, [1861.]",t
"pp. 122. , 1875",t
macclesfield,t
"windsor,]",t
stirling; edinburgh printed,t
gleiwitz,t
"pp. 288. ward & downey london, 1888",t
wick,t
aberdeen?,t
john lane; boston,t
"pp. xiii. 369. printed for private circulation london, 1897",t
guelph,t
"pp. 97. kegan paul & co. london, 1899",t
"pp. 31. favil press london, 1922",t
bochum,t
whitby,t
"lawrence, kan",t
banbury,t
saint ouen,t
"pp. 186. j. w. arrowsmith bristol, [1899.]",t
kolding,t
"pp. 96. e. mathews london, 1899",t
"london printed for nicholas vavasour, 1634",t
a. millar,t
troman,t
mimbres,f
san,f
peterborough,t
spalding,t
stuttgard,t
sicilian,t
schwyz,t
samarra,f
"bakwe,",f
frankfurt am maine,t
"london; falmouth, exeter, truro [printed]",t
] reigate,t
stourbridge,t
nueva york,t
"kolozsvartt, pest [printed]",t
"london, edinburgh printed",t
rostock,t
neu-gersdorf,t
"delft, rotterdam [printed",t
constantine,t
coucy,t
"catskill, n.y",t
"shrewsbury [printed], london",t
edinburgh],t
"pp. vi. 335. j. & r. maxwell london; guildford [printed, 1888]",t
frosinone,t
hildesheim,t
mangalore,f
arcos de la frontera,t
exmouth,t
"g. routledge and sons london, 1887",t
simla,t
annemasse,t
plon,t
"pp. lx. 591. , 1893",t
edinburgh?],t
"pp. viii. 206. w. morrison & co. hawick, 1898",t
barking,t
caucasian,t
"livonian,",f
sakalava,f
magdeburgh,t
the proprietors of the illustrations of london buildings london,t
"kjbenhavn, trykt i viborg",t
bamana,f
neufchatel; paris,t
eecloo,t
gloucester [mass.],t
"london, york [printed]",t
"pest, wien",t
"london, keswick [printed]",t
"bruxelles, leipzig, gand",t
lucknow,t
chalons-sur-marne,t
g. routledge & sons,t
london and hertford [printed],t
"pp. 364. w. h. allen & co. london, 1889",t
guadalajara,f
"boston [mass]; cambridge [mass., printed]",t
"springfield, ohio",t
montbeliard,t
welshpool,t
santa cruz de tenerife,t
dudley,t
great yarmouth; simpkin & co,t
"sherwood, neely & jones",t
emmerich,t
"2 . , 1846-67",u
hamilton [canada],t
"pp. 40. longmans & co. london, 1898",t
omaha,t
kievan,t
mohawk,t
west,t
aymara,f
aschaffenburg,t
hartford (connecticut),t
norwich [conn.],t
osnabruck,t
"london, [1860.]",t
dunkerque,t
"paris, fontenay [printed]",t
biggar,t
"rouen, paris, caen [printed]",t
"london, 1874",t
"london, glasgow [printed",t
"pp. viii. 184. reeves & turner london, 1881 [1880]",t
surbiton,t
haag,t
"2 vol. chatto & windus london, 1889",t
ellrich,t
iglau,t
"stone; simpkin, marshall, hamilton, kent & co",t
"london, [printed in america",t
hanley,t
"pp. xiv. 189. w. thacker & co. london; thacker, spink & co. calcutta, 1898",t
wellington [n.z],t
oran,f
"osgood, mcilvaine & co",t
glasgow & edinburgh,t
België / Belgique / Belgien,t
United States of America,t
avranches,t
anglo-indian,f
morobe,f
w holomouci,f
newcastle upon tyne reprinted,t
glocester,t
eisleben,t
london [printed] and cambridge,t
"paris [printed], peronne",t
"london, ripon [printed]",t
"london, london and aylesbury [printed",t
lyndhurst,t
montauban,f
bra,t
catamarca,f
brechin,t
j. b. lippincott & co,t
"pp. ix. 147. faith press london, 1919",t
"pp. 18. for private circulation london, 1892",t
how & parsons,t
"pp. viii. 157. privately printed [edinburgh,] 1895",t
london; printed in the united states,t
casorate primo,t
"for henry brome london, 1661",t
bernard lintot,t
topará,t
"belle-vue, bei constanz",t
slovenian,f
praenestine,f
wexio,t
stuttgart und augsburg [printed],t
sidmouth,t
berlin und hamburg,t
v. mejico,f
"pp. 47. privately printed london, 1863",t
altrincham,t
stratford-upon-avon,t
leutschau,t
london; bungay [printed],t
roche,t
glastonbury,t
wocawek,t
new york; cambridge [mass.] printed,t
"pp. vi. 140. bliss, sands & co. london, 1894",t
yvetot,t
bridport,t
fehraltorf,t
"pp. viii. 93. j. m. dent & co. london, 1900",t
londond,t
"pp. iv. 432. chatto & windus london, 1889",t
middelburg,t
boulton,t
"pp. 228. nelson & sons london, 1889 [1888]",t
sumatran,f
plancy,t
"edinburgh, etc",t
knaresbrough,t
helston,t
swanage,t
burford,t
"pp. v. 128. g. p. putnam's sons new york and london, [1894.]",t
saarbrucken,t
hof,t
barcelone,t
"london & new york; cambridge, u.s.a. [printed]",t
"pp. xi. 202. , 1891",u
"r. tuck & sons london, [1898.]",t
"pp. 335. t. nelson & sons london, 1889 [1888]",t
"pp. 100. t. kentfield folkestone, 1893",t
"bermudian,",f
venetian,t
arizona,t
chumash,f
salinar,f
"london, barnsley [printed]",t
ha'apai,t
caernarvon,f
wheelin,t
"london, winchester [printed]",t
"paris, lagny [printed]",t
luchow,t
delhi,f
lee,t
malvern,t
elbing,t
lucca,t
exeter; whittaker & co,t
leipzig-reudnitz,t
"grove hill, ala",t
s. benigno canavese,t
ludwigshafen am rhein,t
"pp. vi. 316. gall & inglis london, [1888.]",t
klagenfurt,t
nepalese,f
"2 .  , 1806",u
pequot,t
micmac,t
"j. johnson, etc",t
"suttaby, evance, & co",t
serampore,t
toulon,t
chapman and hall,t
chincha,f
manate,f
olmutz,f
montreal?,t
"kreuznach, leipzig [printed]",t
"paris, rouen [printed]",t
waltham abbey,t
castell bros,t
hull],t
"zalt-bommel, nijmegen [printed]",t
hadersleben,t
wervicq,t
1899,u
"proprietors of the mancunium velveteen, manchester",t
"pp. xi. 307. digby & long london, [1894.]",t
henley-on-thames,t
"pp. 86. evans & hastings vancouver, 1919",t
"Russian, Municipio Benítez, Sucre, Venezuela",f
"gun,",t
"sudbury, 1797",t
chavin,t
new-york boston [u.s.],t
cupisnique,f
inuit,f
privately re-printed,t
viking,t
saudi,f
mochica,f
chioggia,f
edinburgi,t
"heidelberg, leipzig [printed]",t
ashburton,t
"pp. 22. a. t. whittell & co. london, [1880?]",t
longton,t
hurst & blackett. london,t
mayet,f
cuneo,f
basil,t
new-haven,t
julich,t
sedan,t
stolp,t
"pp. xii. 259. g. allen london, 1900",t
sesklo,t
wilmington,t
neurode,t
gateshead-on-tyne,t
"pp. viii. 236. , 1856",u
triest,t
richard bentley,t
bordeux,t
"london, chippenham [printed",t
"london, chester",t
lichfield,t
", 1866",u
", 1867",u
"edinburgh [printed], and london",t
"london, cardiff [printed",t
"pp. 324. kegan paul & co. london, 1888",t
"pp. vii. 475. richard bentley & son london, 1888",t
chilworth,t
w. h. allen & co,t
port elizabeth,t
bliss sands & co,t
llandyssul,t
"london, stourbridge [printed]",t
"pp. xiii. 114. a. d. innes & co. london, 1898",t
croatian,f
cree,t
edomite,f
aleut,f
rio grand do sul,f
printed & sold by j. evans & sons; sold also by f. collins; j. nisbet,t
cypro-phoenician,f
newton,t
"new york and auburn, buffalo [printed]",t
gyor,t
alingsas,t
"pp. viii. 154. wilson & mccormick glasgow, 1882",t
"pp. iv. 379. george routledge & sons london, 1888",t
arequipa,f
"pp. xi. 116. j. m. dent & co. london, 1895",t
winchester; simpkin & co,t
uppingham,t
pavia,t
"london; cambridge, u.s.a. [printed]",t
xx,u
limburg a. d. lahn,t
imperial,t
"london, wakefield [printed]",t
st. gallen und bern,t
reprinted at the auchinleck press,t
"upsala, stockholm [printed]",t
portland [maine],t
"bielefeld und leipzig, altenburg [printed]",t
pamiers,t
basingstok,t
"2 vol. hurst & blackett london, 1891",t
"crawford & m'cabe, printers",t
gunzburg a. d,t
dramburg,t
london & derby,t
"edinburgh; longman, hurst, rees, orme & brown",t
"ff. 28. d. nutt london, 1893",t
aachen,t
"cassell, petter & galpin, london",t
munster i. w,t
"pp. viii. 24. d. nutt london, 1900",t
richard chaudlet,t
franco-flemish,t
middle,t
fulani,f
madras?,f
lanark,t
james,t
1791,u
"avesnes, valenciennes [printed]",t
"carlstad, stockholm",t
no. 1-6. [london,t
"s. tinsley & co., london, guildford [printed]",t
"arnhem, nijmegen [printed]",t
"london richard bentley & son, 1885",t
"london, hull [printed",t
"pp. 110. f. v. white & co. london, 1888",t
anerley,t
pp. 11. [1890?],t
mulheim a. d. ruhr,t
26. 13. dorchester,t
"pp. 128. r. aickin & co. belfast, 1896",t
"pp. 134. j. long london, 1898",t
sens,t
ernest nister,t
blankenburg a/h,t
south weald?,t
semlin,t
ratisbon,t
northallerton,t
nasca-wari,f
london and cambridge [printed],t
w poznaniu,f
hazebrouck,t
"raleigh, n.c",t
"jena, leipzig [printed]",t
wittstock,t
lonodon,t
] glasgow,t
furth,t
oudewater,t
"gold coast, w.a",t
great barrington,t
schlensingen,t
printed for the author,t
west malling,t
British,t
"pp. 28. printed for the author london, 1765",t
burmese,f
balinese,f
comala,f
aleutian,f
aboae,f
"london and edinburgh, dublin [printed]",t
"frankfurt, a. m",t
"pp. viii. 300. sonnenschein & co. london, 1887",t
"pp. viii. 376. j. & r. maxwell london, [1888.]",t
"pp. viii. 305. r. bentley & son london, 1889",t
salzburg,t
1892],u
"pp. vii. 147. chatto & windus london, 1895",t
middlesbrough,t
sheerness,t
beregszasz,f
new york; chicago,t
"pp. 41. cayme press london, 1926",t
"new york, 1752 [1852]",t
ecuadoran,f
sapi-portuguese,f
bridlington,t
"dinan, london",t
] leamington,t
sigmaringen,t
doetinchem [arhem printed],t
rastatt,t
london; edinburgh printed,t
"pp. 255. roper & drowley london, [1889.]",t
stow-on-the-wold,t
"london, bruges printed",t
"pp. 79. erskine macdonald london, 1919",t
dorpat,t
"pp. 77. e. mathews london, 1897",t
"london, [nimeguen printed",t
maltese,f
monte,t
ecuador,f
chuquibamba,f
scytho-sarmatian,f
merovingian,f
alemannic,t
dilmun,f
's hertogenbosch,t
"bonn, coblenz [printed]",t
lier,t
m. cooper,t
caerfyrddin,t
cleve,t
wesel,t
"avesnes-le-comte, arras [printed]",t
fabriano,t
lecce,t
"pp. xv. 235. t. fisher unwin london, 1886",t
"pp. 133. t. fisher unwin london; edinburgh printed, 1889 [1888]",t
"pp. vii. 76. e. mathews london, 1897",t
mechelen,t
karlstad,t
"doylestown, pa",t
"pp. 21. elliot stock london, 1900",t
"pp. 32. a. h. stockwell london, [1926.]",t
"pp. 388. s. w. partridge & co. london, [1888.]",t
"bowen-merrill co. indianapolis, [1891.]",t
jonzac,t
dovercourt bay,t
wrexham?],t
naskapi,f
archibald constable & co.; london,t
armenian,f
czech,f
bangor,t
"berne, strasbourg [printed]",t
berolini,t
ploen,t
marlborough,t
a. amberg,t
"memphis, tennessee",t
"pp. viii. 352. cassell & co. london, [1889.]",t
"graz, wien [printed]",t
villeneuve-sur-lot,t
sciacca,t
dursley,t
"pp. 85. h. j. weeks christchurch, 1900",t
"cadell & davies, etc",t
limerick,t
gateshead,t
itallic,t
cuyo,f
seneca,t
albanian,f
toltec,f
"pp. ii. 173. charing cross publishing co. london, 1880",t
truro; longmans & co,t
chamberg,t
san sebastian,t
"pp. vi. 39. falkner & sons manchester & london, 1894",t
lanciano,t
de moines [iowa],t
"pp. 550. roxburghe press london, 1897",t
horn,t
v jilovem,f
london; r. goadby,t
nopiloa,f
cook,t
ragusa,t
"hull, leeds [printed]",t
"pp. 141. trubner & co. london, 1882",t
liskeard,t
"pp. iv. 391. elliot stock london, 1888",t
bacup,t
speier,t
bolbec,t
"pp. 191. j. & r. parlane paisley, 1898",t
"pp. 52. purcell & co. cork, 1898",t
"manhattan, kansas",t
stanisawow,t
"warwick and leamington, coventry [printed",t
wallsall,t
indo-portuguese,t
early,t
kirby moorside,t
"pp. 283. ii. , 1843",t
printed for the booksellers,t
"bengal,",f
keene,t
bar-sur-aube,t
"middletown, conn",t
becsben,t
william nimmo,t
cambridge [printed]; bell & daldy,t
"birmingham, london [printed]",t
kaupmannahofn,t
"new york [printed], london",t
lisbonne,t
mold,t
london; roberts bros,t
"pp. 23. purcell & co. cork, 1897",t
london & oxford,t
"pp. 60. hermit press highgate, 1925",t
"cleveland, o.]",t
"spearhead,",t
afghan,f
zenu,f
manteno,f
pera de constantinople,f
ayr; t. g. stevenson,t
mayan,f
essen,t
russo-byzantine,f
"rochester, n.y",t
"london, dublin, printed",t
coburg,t
kom,t
mariestad,t
"yankton, dakota territory",t
"paris, corbeil [printed",t
"reigate, london [printed",t
wels,t
griefswald,t
"st. john, n.b",t
venedig,t
"pp. vii. 469. richard bentley & son london, 1888",t
london; guilford [printed],t
prague,f
walsall,t
antverpi,t
"london, dewsbury [printed]",t
cranbrook,t
filipino,f
bangladesh,f
eskimo,f
dongson,f
crow,t
tyrol,t
netherlands,t
geneva,t
"pp. xiv. william nicol london, 1847",t
ocucaje,f
"plymouth, etc",t
egham,t
"le mans [printed], paris",t
laibach,t
new york [printed] ;alondon,t
"lancaster, pa",t
brescia,t
teramo,t
harper & bros,t
"pp. xi. 345. , 1883",t
"pp. xi. 115. kelly & walsh singapore, 1900",f
"pp. 55. macmillan & co. london, 1900",t
"pp. 118. alexander gardner paisley, 1914",t
"pp. 126. a. h. stockwell london, [1922.]",t
meseritz,t
lipsi,t
"winsted, conn",t
ottoman,f
leipzig und sorau,t
"altenburg, [zeitz printed]",t
italo-arabic,f
ballingdon,t
london; paris [printed],t
imola,t
portsea,t
este,t
"pp. 4. [london, 1869.]",t
"coblenz, leipzig [printed]",t
heilbronn,t
galveston,t
verneuil,t
tamines,t
"london, cambridge [printed]",t
"pp. x. 147. chatto & windus london, 1896 [1895]",t
"pp. iv. 400. j. s. toothill bradford, 1898",t
renaix,t
"pp. 44. [andress & co. croydon, 1900.]",t
"pp. [6],190,[2]. seeley & co. london, 1888",t
"london, nimeguen printed",t
"boston, cambridge [mass. printed]",t
"st. johnsbury, vt",t
"pp. 45. g. g. harrap & co. london, 1918",t
bulgarian,f
ripatransone,t
fermo,t
merthyr-tydfil,t
fleetwood,t
chipping ongar,t
ermanno loescher,t
".- [printed], , 1875",u
woolwich?,t
brisol,t
"pp. 352. blackie & son london, 1889 [1888]",t
biella,t
"pp. vi. 153. e. mathews london, 1891",t
malmesbury,t
"blade,",t
guatamala,f
nicaragua,f
marajo,f
worthing,t
ayr,t
..,u
"pp. 56. 86. , 1846",u
"glasgow, edinburgh [printed]",t
"paris, clermont-ferrand [printed]",t
annecy,t
"pp. xvi. 270. hodder & stoughton london, 1908",t
hodder & stoughton,t
"pp. viii. 291. harper & bros. new york, 1888",t
3 dl. haarlem,t
mesnil,t
"pp. vi. 79. g. bell & sons london, 1925",t
2 tl. leipzig,t
merida de yucatan,t
"london and edinburgh, [printed?]",t
roermond,t
frankfurt a/m,t
"pp. viii. 352. sonnenschein & co. london, 1888",t
joliet,t
san jose de costa rica,f
zielenzig,t
william p. nimmo,t
"pp. xii. 249. simpkin, marshall & co. london, [1927.]",t
"pp. viii. 67. elkin mathews london, 1896",t
j. tonson,t
anatolia,f
italy,t
", 1832",u
berwick,t
"marietta, o",t
savigliano,t
gera,t
leobschutz,t
origny-en-thierache,t
frankfurt a. m,t
"pp. ii. 206. cassell & co. london, 1898",t
cazillac,t
kempten,t
"pp. 59. swan sonnenschein & co. london, 1900",t
"pp. 121. alexander gardner paisley & london, 1900",t
folkestone,t
"crossbow,",t
cypriote,f
leutschovi,t
cartajena,f
1-3. paris,t
danvers,t
"2 . , 1855",u
newcastle under lyme,t
william paterson,t
london; sydney [printed,t
"pp. 323. w. blackwood & sons edinburgh, 1898",t
san francisco],t
"pp. viii. 79. e. mathews & j. lane london, 1894",t
vietnamese,f
xhosa,f
"london, great yarmouth",t
hagae comitis,t
camborne,t
newport pagnell,t
shaftesbury,t
blairgowrie,t
de beer's new rush,t
w. stairmand. darlington,t
taranto,t
"pp. xiv. 199. j. lane london, 1897",t
salt lake city,t
"pp. 424. w. briggs toronto, 1900",t
caldas,t
william smith,t
tuscan,t
"lancaster, penn",t
hammersmith,t
"milwaukee, wis",t
"pp. lvii. simpkin, marshall & co. london, [1888.]",t
"pp. 253. chapman & hall london, 1897",t
"pp. viii. 123. j. bowden london, 1899",t
"pp. vi. 347. kegan paul & co. london, edinburgh [printed], 1888",t
"pp. 179. r. buchanan london, [1896.]",t
bornean,f
newari,f
rhodian,f
parita,f
arica,f
sarmatian,f
1869.],u
r. bentley & son,t
lecco,t
"pp. viii. 66. e. arnold london, [1898.]",t
"pp. 130. john castle london, 1925",t
neudamm,t
alexandria,f
ginn & co,t
victoria de durango,t
t. wardle,t
"dan,",t
brulé,t
porrentruy,t
"london, [bungay printed,]",t
potsdam,t
reichardtswerben,t
"2 . , 1859, 60",u
l'moges,t
bromley,t
flensburg,t
"egmore, madras",f
"pp. vii. 225. longmans & co. london; bodmin [printed], 1884",t
"pp. 16. talbot press baile atha cliath, [1917.]",t
ukraine,f
ameca-etzatlán,f
thirsk,f
budae,f
lyme,t
"newhaven, u.s",t
schaffhauser,t
"salisbury, 1872",t
"rouen, dieppe [printed]",t
"london, jersey [printed]",t
andover,t
"camden, n.j",t
"wisbech; simpkin, marshall & co",t
amstelodami,t
betsben,t
"louisville, ky., cincinnati [printed",t
"london, 1841",t
cheapinghaven [copenhagen,t
plymouth],t
"london, leamington [printed",t
la paz,t
riom,t
"pp. xv. 127. j. baker & son clifton, 1918",t
"pp. vii. 75. f. murray ashover, 1896",t
anglo-scandinavian,t
"ithaca, n.y",f
dartford,t
chicago philadelphia [printed],t
"pp. 352. spencer blackett london, [1888.]",t
manchester [printed]; london,t
jamacia,f
"pp. iv. 321. ward & downey london, [1888.]",t
duisburg,t
"london; norwood, mass. printed",t
"cottrel, for samuel speed",t
"dublin, london",t
"2 . , 1832",u
"paris, lyon [printed]",t
kiobenhavn,t
"trieste, 1865",t
printed for private circulation. london,t
stralsund,t
limassol,f
"pp. viii. 382. saxon & co. london, [1889.]",t
pesaro,t
oppeln,f
kjbenhan,t
aden,f
"pp. 472. j. heywood manchester, 1889",t
so.,u
"provins, paris",t
massim,f
ceva,t
"pp. vii. 474. richard bentley & son london, 1888",t
leide,t
"pp. xii. 180. gay & bird london, 1900",t
"pp. 359. thomas nelson & sons london, 1889 [1888]",t
aix-la-chapelle,t
"pp. 23. w. heffer & sons cambridge, 1923",t
"london lawton gilliver, 1731",t
xiongnu,f
lockerbie,t
"pp. 47. simpkin, marshall & co. london, 1882",t
"pp. 128. g. routledge & sons london, 1888",t
"boston, mass.?",t
"pp. 80. sands & co. london, [1926.]",t
nigerian,f
piartal,f
italo-byzantine,f
ohrdruf,t
1859-1892.],u
orihuela,t
gueret,t
"pp. 112. heath cranton london, [1922.]",t
mounts,t
cambodian,f
jacob tonson,t
brong,f
venice:,t
houdenosaune,f
swellendam,t
anklam; berlin & wriezen,t
brookline,t
bridgeton,t
"pp. xi. 400. spencer blackett london, [1889.]",t
"pp. 127. j. w. arrowsmith bristol; simpkin, marshall, hamilton, kent & co. london, [1899.]",t
"pp. 221. drane's london, [1925.]",t
macon,t
gallo-roman,t
w. griffin,t
salibury,t
carlisle [u.s.],t
anizy-le-chateau,t
puerto-rico,f
meerane,t
"selma, alabama",t
morley,t
"reading miss langley; london simpkin, marshall, hamilton, kent & co., [1893]",t
"pp. iv. 251. swan sonnenschein & co. london, 1896",t
langenbielau,t
carlow,t
natal,f
caddoan,t
conte,t
façcon,t
"ghanian,",f
ambrym,t
chichago,t
"j. & d. a. darling, etc",t
guanajuato,f
"pp. vi. 374. kegan paul & co. london; edinburgh [printed], 1888",t
"louisville, ky",t
oxford and london,t
reggio nell' emilia,t
"london; cambridge, mass. [printed",t
"pp. 335. w. bartholomew london, 1888",t
newport & ryde,t
pontic,t
"london, 1811",t
"london, thames ditton [printed]",t
algerian,f
"3 . , 1854, 61",u
london [printed],t
"pp. 6. w. l. sugden leek, 1879",t
sassari,t
delft,t
"victoria, hongkong",t
ypres,t
kronstadt,t
lund,t
london; fredk. a. stokes co,t
kongo,f
1. london,t
ottonian,f
st. leonards-on-sea,t
"london, bristol [printed?",t
toul,t
hemsworth,t
london; [printed in holland],t
london; lambert & co,t
st. alban's,t
"pp. 57. t. fisher unwin london, [1900.]",t
& benj. tooke,t
tunisia,f
faliscan,f
"3 konyv. posonyban, 1805",f
casale,t
printed and published by anthony pickard,t
holmiae,f
shrewsbury],t
kecskemeten,f
"london, crystal palace [printed]",t
porto & braga,t
"london, [1870.]",t
modena,t
"pp. xiii. 237. macmillan & co. london, 1894",t
"pp. 574. t. nelson & sons london, [1920.]",t
hildburghausen,t
grossschonau,t
"london, 1771",t
saddle,t
saxon,t
indo-persian,f
verona [gerona],t
lochearnhead,t
vitre,t
"pp. 14. clarendon press oxford, 1897",t
"pp. viii. 214. e. stock london, 1897",t
prenzlau,t
freiburg i.b,t
"pp. 16. w. j. smith brighton, [1900.]",t
"boston; cambridge [mass., printed]",t
Ελλάδα,f
montenegrin,f
hurrian,f
tiwi,f
emmishofen,t
linz,t
clermont ferrand,t
elberfeld,t
"edinburgh, aberdeen [printed]",t
"pp. 247. kegan paul & co. london, 1888",t
"pp. viii. 406. bentley & son london; guildford [printed], 1888",t
woking,t
"berlin, sondershausen [printed]",t
steenwijk,t
"digby, long & co. london",t
black-fryars,t
redditch,t
mongol,f
panama,f
fribourg,t
"pp. iv. 156. sonnenschein & co. london, 1886",t
diss,t
sibiiu,f
deptford,t
darwen,t
thonon-les-bains,t
vorbruck-schirmeck,t
] henry herringman; printed by tho. Newcomb,t
mesquakie,f
"london, 1878",t
façon,t
alais,t
mobile,t
"pp. 471. richard bentley & son london, 1890",t
"affenburg, tubingen [printed]",t
"pp. 55. e. mathews london, 1896",t
"pp. viii. 71. elkin mathews london, 1898",t
"pp. 172. t. nelson & sons london, 1889 [1888]",t
"pp. xii. 182. hutchinson & co. london, 1893",t
london; sheffield [printed],t
dresden und leipzig [printed],t
north shields,t
j. wenman,t
nizza,t
reval,f
"arnhem, zutphen",t
barquisimeto,t
frome,t
appledore private press,t
"pp. viii. 200. t. f. unwin london, 1896",t
brussells,t
"w. strahan, etc",t
s. woolmer,t
brentford,t
austral,t
calcutta],t
sainte-anne de la pocatiere,t
london; virtue & yorston,t
pp. 131. johnstone & co. london [1888.],t
"geneva, n.y",t
"london, perth [printed",t
middlesex,t
arapaho,f
melanesian,f
"2 . , 1876",u
mortara,t
elvas,t
"pp. 471. , 1875",u
stepney green,t
hampstead,t
hove,t
tanger,t
"pp. xii. 275. gay & bird london, 1899",t
"pp. 72. westminster press london, 1918",t
sydney?],t
"pp. xv. 136. ward, lock & co. london, 1896",t
sinú,f
hermannstadt?],t
parisian,t
"london, [leicester",t
"ethiopia,",f
leijden,t
montargis,t
mesa,f
norridgewock,t
"london longman, brown, green, and longmans, 1853",t
buxton,t
rochester and chatham,t
"pp. viii. 59. b. h. blackwell oxford, 1917",t
printed and sold by j. evans & sons; sold also by f. collins; and j. nisbet,t
kirkcaldy,t
liegnitz,t
chiapas,f
"pp. 278. sonnenschein & co. london, 1888",t
"pp. 274. t. fisher unwin london, 1888",t
poona,f
"kingston, jamaica",f
"pp. 82. privately printed edinburgh, 1894",t
"pp. xxiii. 370. , 1837",u
portland [mass.],t
"pp. 50. john lane london, 1896",t
"london, colchester [printed]",t
tientsin,f
"pp. 60. chapman & hall london, 1899",t
jalisco,f
graeco-bactrian,f
", 1845",u
cracovi,f
bernburg,t
"2 . , 1852",u
"bingem, rudesheim [printed]",t
"london, edinburgh and new york",t
"pp. vi. 455. richard bentley & son london, 1889",t
v brne,f
"denver, colorado",t
taiwan,f
hispano-philippine,f
groningae,t
agra,f
"pp. xxvi, 375. london jackson, walford & hodder; 1865",t
"london, southport [printed]",t
"barmen, elberfeld [printed]",t
"pp. 137. j. thomson georgetown, demerara, 1884",t
langres,t
kenilworth,t
"pp. 30. partridge & co. london, [1894.]",t
"pp. ix. 374. swan sonnenschein & co. london, 1894",t
john thomson,t
"pp. 448. j. & r. maxwell london, [1888.]",t
minden i. westf,t
"london, cork [printed]",t
ecommoy,t
dalmatian,t
graeco-phoenician,f
sapi,f
nyort,t
at the university press,t
"pp. 38. printed for private circulation [london,] 1881",t
"pp. 353. j. & r. maxwell london, [1888.]",t
guatemalan,f
ubaid,f
valladolid,f
tsimshian,f
ancestral,t
rochester,t
"pp. xv. 304. griffith, farran & co. london, 1885",t
"hastings, nebraska",t
"pp. 263. sonnenschein & co. london, perth [printed], 1888",t
"2 vol. griffith, farran & co. london; edinburgh [printed], 1889",t
"pp. 112. macmillan & co. london, 1890",t
"pp. 60. a. c. fifield london, 1917",t
groton,t
hacilar,f
"newcastle, 1829",t
bordeaux [printed],t
"leipzig, altenburg [printed]",t
nashua,t
a. d. innes & co,t
tigrinya,f
gandhara,f
quebec],t
mont-de-marsan,t
hopewellian,f
charlestown [mass.],t
oxford and london [printed],t
"scarborough, driffield [printed]",t
kenilworth & coventry,t
"london, reprinted",t
"pp. xii. 106. john heywood manchester, 1894",t
madeira,t
palembang,t
rhenish,t
kuba,f
"pp. 68. , 1865",u
"american sunday school union philadelphia, [1870?]",t
"dublin, 1865",t
"pp. 112. simpkin, marshall & co. london, 1885",t
orense],t
inveraray,t
pinerolo,t
"pp. 92. j. m. dent & co. london, 1899",t
"pp. 95. sonnenschein & co. london, 1900",t
"pp. 193. selwyn & blount london, 1920",t
karachi,f
inca-chimú,f
mount,t
fon,t
moskwa,f
esslingen,f
1758,u
"20 . , 1863-89",u
hitchin,t
"ff. 29. m. ward & co. london and belfast, 1895",t
s. m. de los angeles,t
"pp. vi. 94. e. stock london, 1898",t
"pp. 330. e. & j. l. milner lancaster [macon, france, printed], 1899",t
"pp. 96. houlston & sons london, 1887",t
merthyr,t
"pp. 312. chatto & windus london, 1889",t
carluke,t
vendome,t
"pp. 90. john lane london, 1895 [1894]",t
tlalpam,f
southeastern,t
neuwied,t
la reole,t
invercargill,t
"rome, london [printed]",t
"pp. viii. 327. george redway london, 1889",t
"pp. viii. 348. trubner & co. london, 1889 [1888]",t
amberg,t
tortona,t
kirkstall,t
thracian,f
"london, 1853",t
tolosa,t
"paris, le mans [printed]",t
"pp. xii. 172. elkin mathews & john lane london, 1893",t
"pp. 76. e. mathews london, 1896",t
"pp. xv. 100. chiswick press london, 1910",t
"6 pt. duckworth & co. london, 1906",t
cambridge [u.s.],t
", 1857",u
london and new york [printed],t
"pp. 40. a. h. stockwell london, [1927.]",t
canto 1. london,t
"portsmouth, n.h",t
cuxhaven,t
"barrel,",t
t. astley,t
t. cadell,t
hopi,f
"pp. x. 228. w. blackwood & sons edinburgh and london, 1889",t
engolism,t
"pp. 72. swan sonnenschein & co. london, 1895 [1894]",t
"amsterdam, utrecht [printed]",t
saltillo,f
"pp. vi. 473. richard bentley & son london, 1888",t
v telci,f
"pp. 59. blackwell oxford, [1919.]",t
"pp. 36. private impression [london, 1869.]",t
eton],t
lagunillas,f
dublin [printed,t
lenzburg,t
"pp. 204. e. stock london, 1896",t
"london; cambridge, u.s.a. printed",t
lower,t
malacca,f
carpi,t
lewisham,t
auchs,t
reykjavik,t
"london; edinburgh, [printed",t
", 1874",u
bernay],t
"north shields, 1820",t
celto-iberian,f
fang,f
"london, cambridge [printed",t
bernay,f
greiz,t
"pp. 158. simpkin & marshall london, 1894",t
neubrandenburg,t
"pp. xii. 138. dean & son london, 1899",t
"pp. 110. d. stott london, 1888",t
afghanistani,f
", 1853",u
"lafayette, ind",t
bucarest,f
fontenay-le-comte,t
falkirk,t
maliseet,f
antwerp:,t
graham's town,t
w lipsku,t
"chatto and windus, london",t
"pp. 25. william briggs toronto, 1899",t
bergamo,t
"london d. wilson & t. durham, 1752",t
new-haven [mass.],t
lond,t
ratzeburg,t
wurzen,t
merida,t
"pp. 215. e. & s. livingstone edinburgh, 1888 [1887]",t
london; bolton [printed],t
1895,u
edinburgh?,t
"pp. 40. g. bryan & co oxford, 1898",t
"boston, u.s.a., & london",t
"pp. 304. a. gardner paisley, 1895",t
chertsey,t
boston; cambridge [mass. Printed],t
poissy,t
kecskemet,f
"pp. vi. 459. richard bentley & son london, 1888",t
"Irish, Nahant, Lawrence County, South Dakota, 57778, United States of America",t
abergavenny,t
"pp. 295. swan sonnenschein, lowrey & co. london, 1887",t
"pp. ix. 85. chatto & windus london, 1896",t
leizpig,t
london; t. merrill,t
cockermouth,t
nieuwe diep,t
sommelsdijk,t
", 1868",u
"pp. 29. h. a. copley london, 1898",t
"pp. vi. 373. kegan paul, trench & co. london, 1888",t
san vito,t
alcamo,t
charlton,t
boston [mass.]; cambridge [mass.],t
london; dublin [printed],t
"pp. iii. 591. ii. , 1856",u
"hellenistic,",t
"baudrys european library, etc",t
"spain,",t
norman,t
gap,t
"halifax, n.s",t
"pp. x. 89. methuen and co. london, 1893",t
"savannah, ga",t
allahabad; sampson low & co,t
saint-omer,t
"pp. 23. g. gill & sons london, [1893.]",t
turkestan,f
ibibio,f
potawatomi,f
machalilla,f
saint-malo,t
"london, glasgow [printed, 1868]",t
"pp. 74. g. g. harrap london, 1918",t
visayes,t
tabwa,f
london; cole's book arcade,t
"pp. 124. jolly & sons aberdeen, 1896",t
innsburck,t
"pp. 31. j. gardner hitt edinburgh, 1898",t
"montgomery, ala",t
"pp. 108. j. lane london & new york; norwood, mass. [printed], 1898",t
portishead,t
schoonhoven,t
spalato,t
jacob tonson; printed by r. e,t
t. carnan,t
esteros,t
", 1846",u
madrid; bayonne [printed],t
saint-denis,t
"london, hull [printed]",t
"kegan paul, trench, & co",t
"pp. viii. 343. sonnenschein & co. london, 1888",t
"pp. 301. richard bentley & son london, 1889",t
sudanese,f
asia,f
macedonian,f
bombay; byculla printed,f
oberlahnstein,t
"pp. vi. 313. kegan paul & co. london, 1887",t
"pp. 1 400. gay & bird london, 1894",t
prussian,t
g. kearsley,t
chalon-s.-s,t
thomas nelson,t
condorhuasi-alamito,f
torre del greco,t
ajaccio,t
"pp. 600. simpkin, marshall & co. london, 1899",t
"POLISH, 京都府道201号中山稲荷線, 南区, 京都市, 京都府, 近畿地方, 6018436, 日本",f
gothic,t
pukara,t
port-au-prince,t
", 1857-60",u
foligno,t
"pp. 152. h. frowde london, 1900",t
london; w. frederick,t
darien,t
hungarian-slovak,f
bayreuth,f
"london, sydenham [printed]",t
"hamilton, bermuda",f
shanklin,t
le puy,t
crewkerne,t
chilean,f
prairie,t
london printed,t
"pp. viii. 320. leipzig, 1881, 8",t
"pp. 238. sonnenschein & co. london, 1888",t
"pp. x. 98. macmillan and co. london, 1892",t
almelo,t
grip,t
peninsular,t
isla,t
"highlands,",t
faversham,t
elliot stock,t
"pp. xvi. 374. j. edgar hawick, 1899",t
"pp. 348. spencer blackett london, 1889",t
paramaribo,f
"london, [bungay printed",t
teschen,t
new york?,t
"pp. 142. a. h. stockwell london, [1919.]",t
seuilla,t
gallen,t
", 1859",u
"pp. 276. j. w. arrowsmith bristol, 1888",t
ciudad-real,t
chorlton-cum-hardy,t
latvian,f
ukrainian,f
pesthini,t
"louth [printed], london",t
whitchurch,t
krems,t
w. p. nimmo,t
tuareg,t
", 1850",u
chateau-thierry,t
"pp. x. 270. g. richards london, 1900",t
hawaiian,f
chinese/japanese/european,f
polynesian,f
kirkcudbright,t
grantham,t
"pp. vi. 452. richard bentley & son london, 1889",t
parisiis,t
bourg-en-bresse,t
albany [n.y.],f
"pp. vi. 345. kegan paul & co. london, 1888",t
"pp. 332. hurst & blackett london; bolton [printed], 1889 [1888.]",t
huron,t
united,t
hythe,t
hawai'i,f
breda,t
lugano,t
"pp. 119. roxburghe press london, [1896.]",t
"pp. 28. for private circulation timperley & manchester, 1914",t
topeka,t
pernambuco,f
lapita,f
"newcastle upon tyne, large paper",t
campidonae:,f
coatbridge,t
yates & alexander,t
beccles [printed],t
"manchester; simpkin, marshall & co",t
"transcaucasian,",f
mendi,f
hammersmith:,t
berlin & hamburg,t
sorel],t
"saint-martin, ile de re",t
william blackwood & sons,t
bali,f
"singpho,",f
initial,t
gravesend,t
"pp. 255. macmillan & co. london, 1888",t
hernosand,t
el ferrol,t
"londres, et se trouve a paris",t
"zabern, lahr [printed]",t
"pp. 20. [appledore press new-haven, conn.,] 1875",t
"pp. vi. 345. j. & r. maxwell london, [1888.]",t
lock,t
alamito,f
"paris, lille [printed]",t
s. o. beeton,t
luteti parisiorum,t
leipsic; london [printed],t
todmorden,t
bergen; g. philip & son,t
ipswich?,t
chur,t
"pp. 43. fowler wright london, 1928",t
nagasaki,f
london?,t
"1. cambridge [printed], london",t
"pp. 456. richard bentley & son london, 1889",t
york],t
siguas,f
dolgellau,t
simpkin & marshall; london,t
crossen,t
frauenfeld,t
ladies bridge,t
llanelly,t
ward & lock london,t
"pp. 267. macmillan & co. london, 1888",t
"pp. 165. t. f. unwin london, 1894",t
"welland, ont",t
hamilton,t
czechoslovakian,f
"baltimore, u.s.]",t
lemberg,t
"pp. viii. 112. printed for the author london, 1896",t
"pp. 61. constable & co. london, 1918",t
london & orpington,t
condorhuasi,f
pesth,f
meiningen,t
neisse,t
"melbourne, london",t
"london, 1893",t
castellane,t
"pp. 64. a. h. stockwell london, 1925",t
"pp. x. 235. alexander gardner paisley, 1894",t
san franciso,t
paracas-nasca,f
saalfeld,t
epi-olmec,f
"hudson, wis",t
"pp. viii. 129. j. c. nimmo london, 1896 [1895]",t
london & bombay,t
"pp. 54. ottawa, [1898?]",t
stockhom,t
lipsk,t
"pp. 11. holmesdale press redhill, 1918",t
kusnacht,t
venado,t
panamanian,f
feltre,t
szombathely,f
bari,t
oviedo,t
lerwick,t
ashburne,t
argentinian,f
6 pt. [london?] 1794,t
chokwe,t
"london, hertford printed",t
"2 . , . , 1838-44",u
frankfurt am mayn,t
bickers & son,t
"pp. 36. wright & sons colchester, 1897",t
teneriffe,t
stuttgart und tubingen,t
porte,t
"pp. xi. 139. oliphant, anderson & ferrier edinburgh & london, 1899",t
n.p.,u
lampung,t
delaware,t
brabant,t
schwerin,t
london; oxford [printed],t
"pp. 316. hurst & blackett london, 1889",t
"pp. 96. j. dent consett, 1897",t
yi,f
dyak,f
volga,f
"estonian,",f
tahltan,f
brunswick,t
zittau,t
andam,t
"christchurch, n.z",t
london; andrew elliot,t
"pp. 118. co-operative printing society leicester, [1899.]",t
"pp. 16. a. h. stockwell london, [1921.]",t
tokyo,f
croatia,f
"rostock, leipzig [printed]",t
"pp. vi. 479. richard bentley & son london, 1889",t
"london, plymouth [printed]",t
"pp. 92. heath cranton london, 1919",t
1890.],u
"liverpool; published for the author, at the subscription library",t
angra do heroismo,t
"godstone,]",t
saint petersburg,t
jonkoping,t
loanda,t
portland [u.s.],t
birmingham],t
1877?],u
wyandot,t
narbonne,t
roman-german,t
fijian,f
cilli,f
"pp. 76. the darien press edinburgh, 1895",t
campobasso,t
"deccan,",f
popayan,f
tonosi,f
darlington?,t
bosnian,f
schleiz,t
"pp. 79. haas & co. london, [1897?]",t
oaxaca,f
rio,f
passamaquoddy,f
"warwick, 1877",t
stockton [printed],t
"pp. 384. cassell & co. london, [1888.]",t
quimper,t
"pp. 232. ward & downey london, [1888.]",t
"pp. 117. , 1846",u
tigray,f
"lowndes & hobbs; sherwood, nealey & jones",t
caserta,t
mesopotamian,f
"pp. 144. fraser london; stevenson cambridge, 1836",t
baule,t
kopenhamn,t
stockton-on-tees,t
"pp. xii. 139. f. rodda penzance, 1895",t
"pp. 120. herbert jenkins london, 1917 [1916]",t
wolgast,t
"pp. 64. printed for the author stockport, [1900.]",t
"london, [edinburgh, printed]",t
manaos,f
london; oxford  ,t
sino-tibet,f
russia,f
fr,t
non-frankish,t
brest,t
bath [u.s.],t
"pp. vi. 442. richard bentley & son london, 1889",t
"pp. ix. 109. l. smithers london, 1896",t
subeixi,f
zuni,f
troms & christiania,t
"2 . , 1872, 1873",u
"pp. vi. 476. richard bentley & son london, 1889",t
"pp. xxviii. 180. a. gardner paisley, 1897",t
cocle,f
florentine,t
fredericton,t
"pp. v. 470. longmans & co. london, 1889",t
trani,t
indo-chinese,f
weimar und ilmenau,t
schagerbrug,t
41]. london,t
st. blazey,t
huntingdon,t
"jericho, vt",t
"paris, saint-denis [printed]",t
uithuizen,t
maulmain,t
"wien, regensburg [printed]",t
upsal,t
benares,f
"paris, [1890? ] 8",t
speenhamland,t
belgium,t
dresden und leipzig,t
nestved,t
"london, bradford [printed]",t
"london,] york",t
moskau,f
nouvelle- york,t
"pp. viii. 94. sampson low & co. london, 1894",t
st. helier,t
"pp. 36. frearson's printing house adelaide, 1897",t
"pp. 121. william briggs toronto, 1900",t
tala-tonalá,f
london; bristol [printed],t
"pp. 268. sonnenschein & co. london, 1888",t
"2 vol. simpkin, marshall & co. london, 1889",t
"pp. xv. 323. skeffington & son london, 1896",t
"pp. 100. elkin matthews london, 1898",t
"pp. 59. atlas press melbourne, [1900?]",t
burton-upon-trent,t
edmund fry,t
hallowell,t
"london, and liverpool [printed]",t
saarlouis,t
church stretton,t
"pp. 138. e. t. w. dennis scarborough, [1888.]",t
"penge, sydenham [printed]",t
"pp. 349. richard bentley & son london, 1890",t
"pp. 122. alexander gardner paisley, 1920",t
"7 no.  , 1809, 10",u
montpelier [vt.],t
"pp. viii. 88. henry young & sons liverpool, 1899",t
"pp. 52. r. b. johnson london, 1900",t
madurese,f
onondaga,f
bamum,f
chapman & hall,t
"pp. xv. 216. sonnenschein & co. london, 1888",t
"pp. vi. 451. richard bentley & son london, 1890",t
henry s. king & co,t
tokio,f
culemborg,t
tierra,t
franco-sicilian,t
". 1. . 2. . 1. -, 1872, 85",u
"2 vol. macmillan & co. london, 1888",t
"pp. 128. simpkin, marshall & co. london, 1888",t
welsh,t
graeco-roman,t
koln am rhein,t
wittenberg,t
"pp. 205. swan sonnenschein, lowrey & co. london, 1888",t
"pp. ix. 119. w. h. carman ashby-de-la-zouch, [1900.]",t
"pp. 96. alexander gardner paisley, 1916",t
innsbruch,t
trautenau,t
mbembe,f
"pp. x. 207. chatto & windus london, 1917",t
southwestern,t
wertheim and macintosh,t
"antony, corbeil [printed]",t
xalapa,f
"pp. xxxiii. 268. j. lane london, 1899",t
"pp. 48. a. h. stockwell london, [1922.]",t
"pp. iv. 365. john & robert maxwell london, [1888.]",t
england,t
", 1854",u
bury st. edmund's,t
"london, 1854",t
eton college,t
"pp. x. 99. e. mathews london, 1890",t
boston & new york,t
bernard lintott,t
"lawrence, kansas",t
watford,t
london; bradford [printed],t
london & brighthelmstone,t
", 1871",u
northwich,t
"pp. xvi. 137. viii. a. bureau, printer ottawa, 1878",t
plasencia,t
"rochdale, windermere",t
bury st. edmunds,t
neopolitan(?),f
guangala,f
le cateau,t
manchester; lupton bros,t
petersburg [va.],t
"pp. xi. 224. t. f. unwin london, 1895",t
zutphen,t
anglo-american,t
heilbronnae,t
"pp. 61. william heinemann london, 1926",t
"mameluk,",f
hispano–visigothic,t
"paris, saint denis",t
w lwowie,t
f. newbery,t
"oxford at the clarendon press, 1887",t
"kingston, jam",t
"wilkes-barre, pa",t
"london], printed by c. b. for j. f. and sold by e. tracy",t
printed for j. tonson,t
"silesian,",t
punic,f
s'gravenhage,t
"pp. vii. 93. e. stock london, 1895 [1894]",t
"pp. 152. t. fisher unwin london, 1896",t
"pp. 134. university press princeton, 1922",t
"pp. 228. a. gardner paisley, 1894",t
northwestern,t
sold by j. bell; s. crowder,t
"pest, wien [printed] und leipzig",t
kampen,t
noyon,t
keighley,t
hatfield,t
vlotho,t
iztlan,f
cheyenne,t
solvak,f
nuremberg,t
", 1813",u
graudenz,t
"pp. xii. 175. gay & bird london, 1900",t
chihuahua],f
"london, leicester [printed",t
"pp. 131. collins london & glasgow, [1923.]",t
classic,t
quinnipiac,t
rudae,t
"pp. 64. chapman & hall london, 1853",t
"london, [faringdon, printed,]",t
"dorking [printed], london",t
"london, derby [printed",t
kwakwaka’wakw,f
campanian,t
haderslev,t
"pp. 16. j. r. h. spry devonport, [1875?]",t
c. kegan paul & co,t
r. clarke & co,t
post-classical,t
"pp. 30. elliot stock london, 1905",t
t. carnan & f. newbery,t
ukranian,f
primarily,t
rapa,t
zacatecas,f
burgos,t
eisenach,t
"pp. vi. 471. richard bentley & son london, 1888",t
pictish,t
baltic,f
presso,t
tanzania,f
london bungay [printed],t
budysin,f
etrusco-phoenician,f
xochipala,t
"pp. 199. alexander gardner paisley, 1896",t
"pp. 51. the author london, [1917.]",t
lovedale,t
"pp. xvii. 158. whitcombe & tombs christchurch [new zealand], 1900",t
] manchester,t
"inowrazlaw, meiningen [printed]",f
"mount vernon, o",t
kilkenny,t
"pp. xii. 179. constable and co. westminster, 1895",t
"pp. viii. 127. h. & j. pillans & wilson edinburgh, [1926.]",t
argentinean,f
aquila,t
"pp. 124. cornish bros. birmingham, 1888",t
"pp. vii. 295. chatto & windus london, 1888",t
"3 vol. drane's london, 1920",t
"paris, vitre [printed]",t
worcester [u.s.],t
westeras,t
"pp. 54. w. p. swan dublin, 1888",t
"pp. 58. selwyn & blount london, 1926",t
angre,t
bury st. edmunds],t
levantine,f
honduras,f
cavernas,f
top,t
wellingborough,t
"esslingen, stuttgart [printed]",t
"pp. iv. 474. richard bentley & son london, 1889",t
"paterson, n.j",t
kaschau,t
"worthing, london [printed]",t
roman/byzantine,f
belfort,t
roman-thracian,f
post,t
maya-cocal,f
"london [published], and dublin [printed]",t
rome?,t
hanoverian,t
london; & william creech,t
halle a. d. s,t
"pp. x. 107. john lane london, 1895",t
paris; chatillon-sur-seine [printed],t
"london, royston [printed]",t
"pp. x. 102. e. stock london, 1896",t
"privately printed hanley, 1839",t
"franco-german,",t
jamaica,f
"london, lewes [printed]",t
franz kirchheim,t
viru,f
assiniboine,f
arikara,f
"pp. 240. macmillan & co. london; edinburgh, 1888",t
chile,f
poughkeepsie,t
"landshut, passau [printed]",t
"pp. vi. 209. blackwood and sons edinburgh, 1888",t
"pp. 7. william garret. newcastle, 1844",t
"pp. vi. 466. richard bentley & son london, 1889",t
pitigliano,t
kota,f
ghana,f
capenate,t
"pp. 177. chiswick press london, 1895",t
"mapuche,",f
"dalston, cumberland",t
"pp. 87. william heinemann london, 1917",t
wolfenbuttel,t
biel,t
"pp. vi. 70. sidgwick & jackson london, 1920",t
acoma,f
lombard,t
tlapacoya,f
congolese,f
"newark-upon-trent [printed], london",t
"pp. 66. gibbons & co. leicester, [1896.]",t
"bedlington, 1878",t
izapan,f
grlitz,t
zeitz,t
"pp. vii. 176. g. bell & sons london, 1894",t
dublin?,t
bandon,t
assen,t
france,t
"london macmillan & co., 1888",t
"kegan paul, trench, trubner & co",t
minneapolis [minn.],t
nez,f
prato,t
farnworth,t
dimini,t
"asseu, groningen [printed]",t
h. d. symonds,t
] birmingham,t
Chinese,f
los,t
leovardiae,t
"london, guildford",t
budapesten,f
"pp. 336. chatto & windus london, 1889",t
"edinburgh, 1842",t
"london, brighton printed",t
"pp. vi. 324. cassell & co. london, 1891",t
"pp. 108. roxburghe press london; t. b. banks & co. guernsey, [1896.]",t
"pp. xv. 492. hutchinson & co. london, 1894",t
"edinburgh, 1809",t
zapotec,f
cuban,f
coventry?,t
"2 . , 1867",u
london; manchester [printed,t
"pp. vi. 415. griffith, farran, okeden & welsh london, [1888.]",t
dublin [printed] and london,t
oxford; for j. murray,t
"pp. viii. 59. sir i. pitman & sons london, 1926",t
"bern, chur und leipzig",t
veronese,t
"chester [printed], london",t
kingston,t
"bit,",t
hungary,f
"pp. vii. 494. richard bentley & son london, 1888",t
"pp. 134. doubleday & mcclure co. london; new york printed, 1899",t
eger,f
"columbus, o",t
silesian-bohemian,f
sumatra,f
"2 vol. swan sonnenschein & co. london, 1888",t
"pp. viii. 81. g. philip & son london, 1896",t
"liverpool [printed], london",t
iraqi,f
"1. . i. , 1853",u
hobart,t
] printed and published by john duncombe & co,t
"sulawesi,",f
j. dodsley,t
winnebago,t
ve vidni,t
", 1872",u
erfurt,t
"pp. 298. j. & r. parlane paisley, 1899",t
American,t
ticoman,f
quapaw,f
printed for h. herringman,t
wimbledon,t
inland,t
"pp. 151. john lane london, 1896",t
mamluk,f
yotoco,f
"edinburgh, [leith printed]",t
"paris, marseille [printed]",t
ostende,t
"wien [printed], pest, leipzig",t
"pp. viii. 168. g. bell & sons london, 1899",t
azerbaijani,f
ixtlan,t
penobscot,t
"pp. iv. 100. hull, 1881",t
parkersburg,t
"pp. 142. r. bentley & son london, 1898",t
"pp. viii. 280. sonnenschein & co. london, 1888",t
"pp. 126. j. w. arrowsmith bristol, [1898.]",t
sardinian,t
"pp. 307. g. routledge & sons london, [1888.]",t
"vernor, hood, & sharpe, etc",t
"boston [mass.,]",t
great totham,t
hinckley,t
nassau],t
jarrold & sons,t
susa,t
"pp. 95. elliot stock london, 1896",t
"] barth, printer, wych street, strand",t
"moravian,",f
cajamarca,f
northeastern,t
"hull [printed], london",t
batavia,t
"pp. 39. [printed for private circulation] london, 1870",t
"paris, nancy [printed]",t
mediterranean,t
oxford],t
rom,t
dali,t
supiak,t
mentz,t
selby,t
"pp. 62. a. gardner paisley, 1899",t
"pp. 43. a. h. stockwell london, [1920.]",t
london; henry heavisides,t
batak,f
taiwanese,f
tolai,f
"coslin, berlin [printed]",t
"pp. 55. the century co. new york, 1895",t
"pp. xiii. 223. g. p. johnston edinburgh, 1895",t
"pp. 88. watts & co. london, 1897",t
"pp. 24. a. h. stockwell london, [1920.]",t
"pp. 84. south eastern herald office london, 1900",t
wellington college station,t
"ipswich [printed], london",t
"pp. 515. g. routledge & sons london; guildford [printed], 1889 [1888]",t
franco-neapolitan,t
kashmiri,f
"london, plymouth [printed",t
"pp. vii. 461. richard bentley & son london, 1888",t
"pp. xvi. 167. j. m. dent & co. london, 1899",t
Austrian,t
ecuadorian,f
a. & w. galignani,t
sasak,f
mitau,f
"paris, la rochelle [printed]",t
"pp. 119. w. hodge & co. glasgow & edinburgh, 1921",t
"pp. 56. elkin mathews london, 1925",t
"pp. x. 180. j. menzies & co. edinburgh, [1895.]",t
pietermaritzburg,t
bolivia,f
"routledge, warnes, & routledge",t
"pp. 67. chapman & hall london, 1919",t
"pp. 14. basil blackwell oxford, 1921",t
baltimore],t
j. wilkie,t
"pp. vii. 506. richard bentley & son london, 1888",t
oldham?,t
"pp. 20. a. h. stockwell london, [1926.]",t
"pp. 41. poona, [1920.]",t
jewish,f
"london, torquay [printed]",t
"pp. 158. james thin edinburgh, 1899",t
"bellefontaine, ohio",t
maidu,f
transylvanian,t
rostock & schwerin,t
canton,t
"pp. 110. john lane london, new york, 1918",t
"london, stirling [printed]",t
kingdom,t
"italo-spanish,",t
belluno,t
"roma, torino, firenze",t
crimean,f
near,t
new-york & philadelphia,t
"pp. 239. sonnenschein & co. london, 1888",t
"pp. xi. 144. constable & co. london, 1896",t
demerara,f
"pp. 448. sonnenschein & co. london, 1887",t
pergola,t
"pp. vii. 168. printed for the author london, 1899",t
gras,t
diaquita,f
] westminster,t
inner,t
"maghreban,",t
bronze,t
"new york, riverside",t
maastricht,t
rionero in vulture,t
"pp. 294. a. gardner london, 1897",t
weissensee,t
london; andrews & co,t
taurini,t
"pp. vii. 88. w. andrews & co. london, 1898",t
moldovan,f
kagani,f
"london, plymouth and devonport, printed",t
"pp. 48. swan sonneschein & co. london, 1893",t
moutiers,t
"pp. 109. hatchards london, [1889.]",t
london? 1837.],t
g. kearsly,t
guernesey,t
philadelphia?,t
"kornthal, stuttgart [printed]",t
japanese/chinese,f
", 1863",u
rochefort-sur-mer,t
] paris,t
"leyden,]",t
blackfoot,t
klagenfurth,t
sittingbourne,t
laos,f
neath,t
"pp. vi. 464. richard bentley & son london, 1888",t
ceylon,t
"london, 1844",t
"abor,",t
salish,t
", 1851",u
"pp. 63. d. douglas edinburgh, 1898",t
ossett,t
zombor,f
trento,t
"richmond, yorkshire",t
annapolis,t
graeco-persian,f
"pp. 232. swan sonnenschein & co. london, 1899",t
eurasian,f
toraja,f
ptolemaic,f
middlesbrough-on-tees,t
printed by j. whiting,t
"bavaria,",t
turin?,t
saintes,t
"pp. xi. 97. john lane london, 1922",t
"pp. 350. london literary society london, 1887",t
harrison & sons,t
"pp. 64. arthur h. stockwell ilfracombe, 1946",t
"pp. 141. reeves & turner london, 1888",t
freyburg in breisgau,t
"springfield, o",t
